{"properties":{"connectionReferences":{"shared_commondataserviceforapps":{"runtimeSource":"embedded","connection":{},"api":{"name":"shared_commondataserviceforapps"}}},"definition":{"$schema":"https://schema.management.azure.com/providers/Microsoft.Logic/schemas/2016-06-01/workflowdefinition.json#","contentVersion":"1.0.0.0","parameters":{"$connections":{"defaultValue":{},"type":"Object"},"$authentication":{"defaultValue":{},"type":"SecureObject"}},"triggers":{"When_a_record_is_created,_updated_or_deleted":{"type":"OpenApiConnectionWebhook","inputs":{"host":{"connectionName":"shared_commondataserviceforapps","operationId":"SubscribeWebhookTrigger","apiId":"/providers/Microsoft.PowerApps/apis/shared_commondataserviceforapps"},"parameters":{"subscriptionRequest/message":1,"subscriptionRequest/entityname":"msft_employeebooking","subscriptionRequest/scope":4},"authentication":"@parameters('$authentication')"}}},"actions":{"Check_if_area_and_facility_are_available":{"actions":{"Terminate":{"runAfter":{},"type":"Terminate","inputs":{"runStatus":"Succeeded"}}},"runAfter":{},"expression":{"or":[{"equals":["@triggerOutputs()?['body/_msft_areaid_value']","@null"]},{"equals":["@triggerOutputs()?['body/_msft_facilityid_value']","@null"]}]},"type":"If"},"Get_bookings_from_today":{"runAfter":{"Compose":["Succeeded"]},"type":"OpenApiConnection","inputs":{"host":{"connectionName":"shared_commondataserviceforapps","operationId":"ListRecords","apiId":"/providers/Microsoft.PowerApps/apis/shared_commondataserviceforapps"},"parameters":{"entityName":"msft_employeebookings","$filter":"msft_bookingdate ge '@{outputs('Compose')}' and msft_bookingdate le '@{addHours(outputs('Compose'), 24)}' and statecode eq 0 and msft_employeebookingid ne '@{triggerOutputs()?['body/msft_employeebookingid']}' and _msft_employeeid_value eq '@{triggerOutputs()?['body/_msft_employeeid_value']}'"},"authentication":"@parameters('$authentication')"}},"Apply_to_each":{"foreach":"@outputs('Get_Bookings_from_Today')?['body/value']","actions":{"Disable_booking":{"runAfter":{},"type":"OpenApiConnection","inputs":{"host":{"connectionName":"shared_commondataserviceforapps","operationId":"UpdateRecord","apiId":"/providers/Microsoft.PowerApps/apis/shared_commondataserviceforapps"},"parameters":{"entityName":"msft_employeebookings","recordId":"@items('Apply_to_each')?['msft_employeebookingid']","item/statecode":1,"item/statuscode":2},"authentication":"@parameters('$authentication')"}},"List_rows":{"runAfter":{"Disable_booking":["Succeeded"]},"type":"OpenApiConnection","inputs":{"host":{"connectionName":"shared_commondataserviceforapps","operationId":"ListRecords","apiId":"/providers/Microsoft.PowerApps/apis/shared_commondataserviceforapps"},"parameters":{"entityName":"msft_employeeattestations","$filter":"_msft_employeeid_value eq @{outputs('Disable_booking')?['body/_msft_employeeid_value']} and statecode eq 0 and _msft_employeebookingid_value eq @{items('Apply_to_each')?['msft_employeebookingid']}"},"authentication":"@parameters('$authentication')"}},"AttestationId":{"runAfter":{"List_rows":["Succeeded"]},"type":"Compose","inputs":"@first(outputs('List_rows')?['body/value'])?['msft_employeeattestationid']"},"Disable_Attestation":{"runAfter":{"AttestationId":["Succeeded"]},"type":"OpenApiConnection","inputs":{"host":{"connectionName":"shared_commondataserviceforapps","operationId":"UpdateRecord","apiId":"/providers/Microsoft.PowerApps/apis/shared_commondataserviceforapps"},"parameters":{"entityName":"msft_employeeattestations","recordId":"@outputs('AttestationId')","item/statecode":1,"item/statuscode":2},"authentication":"@parameters('$authentication')"}}},"runAfter":{"Get_bookings_from_today":["Succeeded"]},"type":"Foreach"},"Compose":{"runAfter":{"Check_Time_Slot_Occupancy_Exists":["Succeeded"]},"type":"Compose","inputs":"@startOfDay(formatDateTime(triggerOutputs()?['body/msft_bookingdate'], 'yyyy-MM-dd'),'yyyy-MM-dd HH:mm:ss')"},"Get_Time_Slot_occupancy":{"runAfter":{"Get_Booking_Start_Minute":["Succeeded"]},"type":"OpenApiConnection","inputs":{"host":{"connectionName":"shared_commondataserviceforapps","operationId":"ListRecords","apiId":"/providers/Microsoft.PowerApps/apis/shared_commondataserviceforapps"},"parameters":{"entityName":"cdl_timeslotoccupancies","$filter":"_cdl_facility_value eq '@{triggerOutputs()?['body/_msft_facilityid_value']}' and _cdl_area_value eq '@{triggerOutputs()?['body/_msft_areaid_value']}' and cdl_date eq '@{formatDateTime(triggerOutputs()?['body/msft_arrivaltimestart'], 'yyyy-MM-dd')}' and cdl_timehour eq @{outputs('Get_Booking_Start_Hour')} and cdl_timeminute eq @{outputs('Get_Booking_Start_Minute')}"},"authentication":"@parameters('$authentication')"}},"Check_Time_Slot_Occupancy_Exists":{"actions":{"Determine_Time_Slot_GUID":{"runAfter":{},"type":"Compose","inputs":"@first(outputs('Get_Time_Slot_occupancy')?['body/value'])?['cdl_timeslotoccupancyid']"},"Determine_Time_slot_occupancy":{"runAfter":{"Determine_Time_Slot_GUID":["Succeeded"]},"type":"Compose","inputs":"@add(first(outputs('Get_Time_Slot_occupancy')?['body/value'])?['cdl_occupancy'],1)"},"Update_a_row":{"runAfter":{"Determine_Time_slot_occupancy":["Succeeded"]},"type":"OpenApiConnection","inputs":{"host":{"connectionName":"shared_commondataserviceforapps","operationId":"UpdateRecord","apiId":"/providers/Microsoft.PowerApps/apis/shared_commondataserviceforapps"},"parameters":{"entityName":"cdl_timeslotoccupancies","recordId":"@outputs('Determine_Time_Slot_GUID')","item/cdl_occupancy":"@outputs('Determine_Time_slot_occupancy')"},"authentication":"@parameters('$authentication')"}}},"runAfter":{"Get_Time_Slot_occupancy":["Succeeded"]},"else":{"actions":{"Create_a_new_row":{"runAfter":{},"type":"OpenApiConnection","inputs":{"host":{"connectionName":"shared_commondataserviceforapps","operationId":"CreateRecord","apiId":"/providers/Microsoft.PowerApps/apis/shared_commondataserviceforapps"},"parameters":{"entityName":"cdl_timeslotoccupancies","item/cdl_name":"@utcNow()","item/cdl_Area@odata.bind":"/msft_areas(@{triggerOutputs()?['body/_msft_areaid_value']})","item/cdl_date":"@formatDateTime(triggerOutputs()?['body/msft_arrivaltimestart'],'yyyy-MM-dd')","item/cdl_Facility@odata.bind":"/msft_facilities(@{triggerOutputs()?['body/_msft_facilityid_value']})","item/cdl_occupancy":1,"item/cdl_timehour":"@outputs('Get_Booking_Start_Hour')","item/cdl_timeminute":"@outputs('Get_Booking_Start_Minute')"},"authentication":"@parameters('$authentication')"}}}},"expression":{"greater":["@length(outputs('Get_Time_Slot_occupancy')?['body/value'])",0]},"type":"If"},"Get_Booking_Start_Hour":{"runAfter":{"Check_if_area_and_facility_are_available":["Succeeded"]},"type":"Compose","inputs":"@int(formatDateTime(triggerOutputs()?['body/msft_arrivaltimestart'], 'HH'))"},"Get_Booking_Start_Minute":{"runAfter":{"Get_Booking_Start_Hour":["Succeeded"]},"type":"Compose","inputs":"@int(formatDateTime(triggerOutputs()?['body/msft_arrivaltimestart'], 'mm'))"}},"outputs":{}}},"schemaVersion":"1.0.0.0"}