﻿<?xml version="1.0" encoding="utf-8"?>
<ImportExportXml version="9.1.0.24949" SolutionPackageVersion="9.1" languagecode="1033" generatedBy="CrmLive" xmlns:xsi="http://www.w3.org/2001/XMLSchema-instance">
  <SolutionManifest>
    <UniqueName>returntoworkplace</UniqueName>
    <LocalizedNames>
      <LocalizedName description="Return to the Workplace" languagecode="1033" />
      <LocalizedName description="Zurück zum Arbeitsbereich" languagecode="1031" />
      <LocalizedName description="Vuelta al lugar de trabajo" languagecode="3082" />
      <LocalizedName description="Retour au travail" languagecode="1036" />
      <LocalizedName description="Ritorno sul posto di lavoro" languagecode="1040" />
      <LocalizedName description="職場復帰" languagecode="1041" />
      <LocalizedName description="직장으로 복귀" languagecode="1042" />
      <LocalizedName description="Powrót do miejsca pracy" languagecode="1045" />
      <LocalizedName description="Retornar ao Local de Trabalho" languagecode="1046" />
      <LocalizedName description="Regresso ao Local de Trabalho" languagecode="2070" />
      <LocalizedName description="Çalışma Alanı'na dön" languagecode="1055" />
    </LocalizedNames>
    <Descriptions />
    <Version>1.3.223.1</Version>
    <Managed>1</Managed>
    <Publisher>
      <UniqueName>returntoworkplace</UniqueName>
      <LocalizedNames>
        <LocalizedName description="Microsoft" languagecode="1033" />
        <LocalizedName description="Microsoft" languagecode="1031" />
        <LocalizedName description="Microsoft" languagecode="3082" />
        <LocalizedName description="Microsoft" languagecode="1036" />
        <LocalizedName description="Microsoft" languagecode="1040" />
        <LocalizedName description="Microsoft" languagecode="1041" />
        <LocalizedName description="Microsoft" languagecode="1042" />
        <LocalizedName description="Microsoft" languagecode="1045" />
        <LocalizedName description="Microsoft" languagecode="1046" />
        <LocalizedName description="Microsoft" languagecode="2070" />
        <LocalizedName description="Microsoft" languagecode="1055" />
      </LocalizedNames>
      <Descriptions />
      <EMailAddress xsi:nil="true"></EMailAddress>
      <SupportingWebsiteUrl xsi:nil="true"></SupportingWebsiteUrl>
      <CustomizationPrefix>msft</CustomizationPrefix>
      <CustomizationOptionValuePrefix>29960</CustomizationOptionValuePrefix>
      <Addresses>
        <Address>
          <AddressNumber>1</AddressNumber>
          <AddressTypeCode>1</AddressTypeCode>
          <City xsi:nil="true"></City>
          <County xsi:nil="true"></County>
          <Country xsi:nil="true"></Country>
          <Fax xsi:nil="true"></Fax>
          <FreightTermsCode xsi:nil="true"></FreightTermsCode>
          <ImportSequenceNumber xsi:nil="true"></ImportSequenceNumber>
          <Latitude xsi:nil="true"></Latitude>
          <Line1 xsi:nil="true"></Line1>
          <Line2 xsi:nil="true"></Line2>
          <Line3 xsi:nil="true"></Line3>
          <Longitude xsi:nil="true"></Longitude>
          <Name xsi:nil="true"></Name>
          <PostalCode xsi:nil="true"></PostalCode>
          <PostOfficeBox xsi:nil="true"></PostOfficeBox>
          <PrimaryContactName xsi:nil="true"></PrimaryContactName>
          <ShippingMethodCode>1</ShippingMethodCode>
          <StateOrProvince xsi:nil="true"></StateOrProvince>
          <Telephone1 xsi:nil="true"></Telephone1>
          <Telephone2 xsi:nil="true"></Telephone2>
          <Telephone3 xsi:nil="true"></Telephone3>
          <TimeZoneRuleVersionNumber xsi:nil="true"></TimeZoneRuleVersionNumber>
          <UPSZone xsi:nil="true"></UPSZone>
          <UTCOffset xsi:nil="true"></UTCOffset>
          <UTCConversionTimeZoneCode xsi:nil="true"></UTCConversionTimeZoneCode>
        </Address>
        <Address>
          <AddressNumber>2</AddressNumber>
          <AddressTypeCode>1</AddressTypeCode>
          <City xsi:nil="true"></City>
          <County xsi:nil="true"></County>
          <Country xsi:nil="true"></Country>
          <Fax xsi:nil="true"></Fax>
          <FreightTermsCode xsi:nil="true"></FreightTermsCode>
          <ImportSequenceNumber xsi:nil="true"></ImportSequenceNumber>
          <Latitude xsi:nil="true"></Latitude>
          <Line1 xsi:nil="true"></Line1>
          <Line2 xsi:nil="true"></Line2>
          <Line3 xsi:nil="true"></Line3>
          <Longitude xsi:nil="true"></Longitude>
          <Name xsi:nil="true"></Name>
          <PostalCode xsi:nil="true"></PostalCode>
          <PostOfficeBox xsi:nil="true"></PostOfficeBox>
          <PrimaryContactName xsi:nil="true"></PrimaryContactName>
          <ShippingMethodCode>1</ShippingMethodCode>
          <StateOrProvince xsi:nil="true"></StateOrProvince>
          <Telephone1 xsi:nil="true"></Telephone1>
          <Telephone2 xsi:nil="true"></Telephone2>
          <Telephone3 xsi:nil="true"></Telephone3>
          <TimeZoneRuleVersionNumber xsi:nil="true"></TimeZoneRuleVersionNumber>
          <UPSZone xsi:nil="true"></UPSZone>
          <UTCOffset xsi:nil="true"></UTCOffset>
          <UTCConversionTimeZoneCode xsi:nil="true"></UTCConversionTimeZoneCode>
        </Address>
      </Addresses>
    </Publisher>
    <RootComponents>
      <RootComponent type="1" schemaName="contact" behavior="1" />
      <RootComponent type="1" schemaName="msft_accessaction" behavior="0" />
      <RootComponent type="1" schemaName="msft_area" behavior="0" />
      <RootComponent type="1" schemaName="msft_casecontact" behavior="0" />
      <RootComponent type="1" schemaName="msft_casefacility" behavior="0" />
      <RootComponent type="1" schemaName="msft_category" behavior="0" />
      <RootComponent type="1" schemaName="msft_country" behavior="0" />
      <RootComponent type="1" schemaName="msft_dailyoccupancy" behavior="0" />
      <RootComponent type="1" schemaName="msft_employeeattestation" behavior="0" />
      <RootComponent type="1" schemaName="msft_employeebooking" behavior="0" />
      <RootComponent type="1" schemaName="msft_employeecase" behavior="0" />
      <RootComponent type="1" schemaName="msft_employeecaseprocess" behavior="0" />
      <RootComponent type="1" schemaName="msft_employeefacilitysearch" behavior="0" />
      <RootComponent type="1" schemaName="msft_employeesentiment" behavior="0" />
      <RootComponent type="1" schemaName="msft_employeevisit" behavior="0" />
      <RootComponent type="1" schemaName="msft_facility" behavior="0" />
      <RootComponent type="1" schemaName="msft_facilitygroup" behavior="0" />
      <RootComponent type="1" schemaName="msft_facilitytype" behavior="0" />
      <RootComponent type="1" schemaName="msft_floor" behavior="0" />
      <RootComponent type="1" schemaName="msft_goal" behavior="0" />
      <RootComponent type="1" schemaName="msft_guestattestation" behavior="0" />
      <RootComponent type="1" schemaName="msft_guestregistration" behavior="0" />
      <RootComponent type="1" schemaName="msft_keymetric" behavior="0" />
      <RootComponent type="1" schemaName="msft_measurement" behavior="0" />
      <RootComponent type="1" schemaName="msft_notification" behavior="0" />
      <RootComponent type="1" schemaName="msft_readinesscheck" behavior="0" />
      <RootComponent type="1" schemaName="msft_readinesschecklist" behavior="0" />
      <RootComponent type="1" schemaName="msft_readinessfactor" behavior="0" />
      <RootComponent type="1" schemaName="msft_reopening" behavior="0" />
      <RootComponent type="1" schemaName="msft_reopenphase" behavior="0" />
      <RootComponent type="1" schemaName="msft_reopenphasetransition" behavior="0" />
      <RootComponent type="1" schemaName="msft_shareguestattestation" behavior="0" />
      <RootComponent type="1" schemaName="msft_shareguestregistration" behavior="0" />
      <RootComponent type="1" schemaName="msft_solutionsetting" behavior="0" />
      <RootComponent type="1" schemaName="msft_states" behavior="0" />
      <RootComponent type="1" schemaName="systemuser" behavior="1" />
      <RootComponent type="9" schemaName="msft_accessstatus" behavior="0" />
      <RootComponent type="9" schemaName="msft_attestation" behavior="0" />
      <RootComponent type="9" schemaName="msft_contacttype" behavior="0" />
      <RootComponent type="9" schemaName="msft_entrywindow" behavior="0" />
      <RootComponent type="9" schemaName="msft_notificationtype" behavior="0" />
      <RootComponent type="9" schemaName="msft_processingtype" behavior="0" />
      <RootComponent type="9" schemaName="msft_reviewstatus" behavior="0" />
      <RootComponent type="9" schemaName="msft_riskassesment" behavior="0" />
      <RootComponent type="9" schemaName="msft_screeningstatus" behavior="0" />
      <RootComponent type="9" schemaName="msft_sentiment" behavior="0" />
      <RootComponent type="9" schemaName="msft_targettype" behavior="0" />
      <RootComponent type="9" schemaName="msft_temperaturescale" behavior="0" />
      <RootComponent type="9" schemaName="msft_typeofgoal" behavior="0" />
      <RootComponent type="20" id="{3ac406e4-3bb2-ea11-a812-000d3a33800c}" behavior="0" />
      <RootComponent type="20" id="{9ae81bd8-b6b1-ea11-a812-000d3a33800c}" behavior="0" />
      <RootComponent type="20" id="{a88123b3-3bb2-ea11-a812-000d3a33800c}" behavior="0" />
      <RootComponent type="20" id="{bab64bc9-88b5-ea11-a812-000d3a33800c}" behavior="0" />
      <RootComponent type="29" id="{01c6f952-68e8-ea11-a817-0022480822ca}" behavior="0" />
      <RootComponent type="29" id="{0a3ad625-3e25-eb11-a813-0022480822ca}" behavior="0" />
      <RootComponent type="29" id="{2259e53f-39b3-471f-83e4-caeff7843ad1}" behavior="0" />
      <RootComponent type="29" id="{2439c851-1a04-eb11-a813-000d3a3156c1}" behavior="0" />
      <RootComponent type="29" id="{2b4036fa-5bf7-ea11-a815-0022480822ca}" behavior="0" />
      <RootComponent type="29" id="{2dd7e64d-f10e-eb11-a813-000d3a3156c1}" behavior="0" />
      <RootComponent type="29" id="{2e25e8ba-63b1-ea11-a812-000d3a33800c}" behavior="0" />
      <RootComponent type="29" id="{33174a00-39e9-ea11-a817-000d3a3156c1}" behavior="0" />
      <RootComponent type="29" id="{389822f0-d8e0-ea11-a813-000d3a3156c1}" behavior="0" />
      <RootComponent type="29" id="{38e4403e-cbb7-43ce-ae82-d421e0006b74}" behavior="0" />
      <RootComponent type="29" id="{3a23cc23-60dc-4619-b2cd-21f6568d7d6d}" behavior="0" />
      <RootComponent type="29" id="{4233df39-1bed-ea11-a817-0022480822ca}" behavior="0" />
      <RootComponent type="29" id="{4e95839b-5eb1-ea11-a812-000d3a33800c}" behavior="0" />
      <RootComponent type="29" id="{517f0619-c7e0-ea11-a813-000d3a3156c1}" behavior="0" />
      <RootComponent type="29" id="{5210cbfd-7e2a-eb11-a813-0022480822ca}" behavior="0" />
      <RootComponent type="29" id="{5cbc9a51-b504-eb11-a813-0022480822ca}" behavior="0" />
      <RootComponent type="29" id="{6091dd88-e673-4aa1-843a-4198af53da7c}" behavior="0" />
      <RootComponent type="29" id="{637bfcce-b0ee-ea11-a817-000d3a3156c1}" behavior="0" />
      <RootComponent type="29" id="{63ede8eb-ab1e-eb11-a813-0022480822ca}" behavior="0" />
      <RootComponent type="29" id="{6607df9a-5315-eb11-a813-0022480822ca}" behavior="0" />
      <RootComponent type="29" id="{6b768b08-4ee2-ea11-a813-000d3a3156c1}" behavior="0" />
      <RootComponent type="29" id="{72eb0db2-7147-487e-8562-75f290ed198a}" behavior="0" />
      <RootComponent type="29" id="{7c77f678-5715-eb11-a813-0022480822ca}" behavior="0" />
      <RootComponent type="29" id="{7e9bdede-f4e2-ea11-a813-000d3a33f42d}" behavior="0" />
      <RootComponent type="29" id="{8158f02b-20f2-ea11-a815-0022480822ca}" behavior="0" />
      <RootComponent type="29" id="{90bce575-6d14-eb11-a813-0022480822ca}" behavior="0" />
      <RootComponent type="29" id="{a0d41ca7-923d-4fc2-ac1c-22fa817836ae}" behavior="0" />
      <RootComponent type="29" id="{a7634d9e-79d1-4cda-84b8-d680d27a443b}" behavior="0" />
      <RootComponent type="29" id="{ad8e27f8-13af-ea11-a812-000d3a33800c}" behavior="0" />
      <RootComponent type="29" id="{b0069638-e1f1-ea11-a815-000d3a3156c1}" behavior="0" />
      <RootComponent type="29" id="{b1242c56-81b4-ea11-a812-000d3a33800c}" behavior="0" />
      <RootComponent type="29" id="{b55f96d9-a9bb-ea11-a812-000d3a3156c1}" behavior="0" />
      <RootComponent type="29" id="{baa5cf16-65d2-ea11-a812-000d3a33f42d}" behavior="0" />
      <RootComponent type="29" id="{c38389cc-65de-ea11-a813-000d3a3156c1}" behavior="0" />
      <RootComponent type="29" id="{d36b917c-9717-eb11-a813-0022480822ca}" behavior="0" />
      <RootComponent type="29" id="{db3c934d-90eb-ea11-a817-000d3a3156c1}" behavior="0" />
      <RootComponent type="29" id="{df34a975-001a-495c-b1f3-a70d029facbe}" behavior="0" />
      <RootComponent type="29" id="{e6484d27-f70e-eb11-a813-000d3a3156c1}" behavior="0" />
      <RootComponent type="29" id="{e8391dcb-2fa3-4bb4-99a3-ea575d5928ec}" behavior="0" />
      <RootComponent type="29" id="{f3c8113b-bb0c-eb11-a813-0022480822ca}" behavior="0" />
      <RootComponent type="29" id="{f4cf9237-1c89-41fb-8180-a653c553e0c1}" behavior="0" />
      <RootComponent type="29" id="{f7975bfc-0a8d-4a52-824b-5dcd1015f10a}" behavior="0" />
      <RootComponent type="60" id="{08749d9f-fcbf-40c8-b100-e452cfcde8e8}" behavior="0" />
      <RootComponent type="60" id="{1030b967-3623-4edf-8fbd-82d97e096aba}" behavior="0" />
      <RootComponent type="60" id="{10d68ac3-d811-49eb-88eb-c6a29f6a8535}" behavior="0" />
      <RootComponent type="60" id="{1b25c8c6-8c06-4551-afbf-285fb5ab35a4}" behavior="0" />
      <RootComponent type="60" id="{30d4c31b-8773-4731-b462-4af9a1eafc06}" behavior="0" />
      <RootComponent type="60" id="{386e88dc-45ef-4b63-b951-4d53f2d45428}" behavior="0" />
      <RootComponent type="60" id="{38e8ae2c-41e7-4f6b-9cec-a82b3ef80edd}" behavior="0" />
      <RootComponent type="60" id="{4465d55f-d75c-4954-ad8b-acf7680603d0}" behavior="0" />
      <RootComponent type="60" id="{48de766b-c448-4d5b-a1e3-98e2f3b0f469}" behavior="0" />
      <RootComponent type="60" id="{4c070192-bbba-463b-a660-1692d46bf817}" behavior="0" />
      <RootComponent type="60" id="{56dd1158-16c8-4115-89f8-4151d66440c7}" behavior="0" />
      <RootComponent type="60" id="{5e63f2f1-6fcb-408b-a650-669a89451ac0}" behavior="0" />
      <RootComponent type="60" id="{6aca2011-3f13-448a-a5a1-d9a1551d141a}" behavior="0" />
      <RootComponent type="60" id="{6dab1d65-cb62-434e-aa06-8f4ecd5b9b8b}" behavior="0" />
      <RootComponent type="60" id="{8434b552-a19b-4e68-8c10-1171a4320520}" behavior="0" />
      <RootComponent type="60" id="{894cc46a-b0cb-4ab0-8bf6-200544e46a2d}" behavior="0" />
      <RootComponent type="60" id="{8e677290-7c5e-4886-96a9-49abd48c456e}" behavior="0" />
      <RootComponent type="60" id="{8f0a4afc-1785-44fc-825d-407cc6d3019f}" behavior="0" />
      <RootComponent type="60" id="{9a61eb99-29f4-4987-a044-8dae4ed2f4a6}" behavior="0" />
      <RootComponent type="60" id="{9a8ba460-9f29-41b9-a3e2-55e9397c6890}" behavior="0" />
      <RootComponent type="60" id="{a401d587-5e92-440f-b483-4ee24f8499ac}" behavior="0" />
      <RootComponent type="60" id="{a4f57a99-edc6-4b78-9d2f-7797f60bb330}" behavior="0" />
      <RootComponent type="60" id="{b2702d46-19e3-43b8-a314-f382b6f28dcd}" behavior="0" />
      <RootComponent type="60" id="{b40d48ee-23ed-ea11-a817-000d3a3156c1}" behavior="0" />
      <RootComponent type="60" id="{bf830a71-8347-438e-b6d8-fbc81485e9af}" behavior="0" />
      <RootComponent type="60" id="{c5139337-d0b3-476b-950d-de2eebe2e2b2}" behavior="0" />
      <RootComponent type="60" id="{c65a91e7-94cd-4264-92c2-076b8ae94c68}" behavior="0" />
      <RootComponent type="60" id="{de076940-2bcd-425c-b652-51a232b32f60}" behavior="0" />
      <RootComponent type="60" id="{f32391b6-5a22-491d-b0e5-ca42ce7ac311}" behavior="0" />
      <RootComponent type="61" schemaName="msft_area_icon" behavior="0" />
      <RootComponent type="61" schemaName="msft_casemanagement.js" behavior="0" />
      <RootComponent type="61" schemaName="msft_casemanagementdashboard" behavior="0" />
      <RootComponent type="61" schemaName="msft_checklists_icon" behavior="0" />
      <RootComponent type="61" schemaName="msft_contoso_logo_50px" behavior="0" />
      <RootComponent type="61" schemaName="msft_country_icon" behavior="0" />
      <RootComponent type="61" schemaName="msft_employee_attestation_icon" behavior="0" />
      <RootComponent type="61" schemaName="msft_employee_booking_icon" behavior="0" />
      <RootComponent type="61" schemaName="msft_employee_case_icon" behavior="0" />
      <RootComponent type="61" schemaName="msft_employee_screening_icon" behavior="0" />
      <RootComponent type="61" schemaName="msft_employee_sentiment_icon" behavior="0" />
      <RootComponent type="61" schemaName="msft_employee_visit_icon" behavior="0" />
      <RootComponent type="61" schemaName="msft_facility_bpf" behavior="0" />
      <RootComponent type="61" schemaName="msft_facility_bpf.1031.resx" behavior="0" />
      <RootComponent type="61" schemaName="msft_facility_bpf.1033.resx" behavior="0" />
      <RootComponent type="61" schemaName="msft_facility_bpf.1036.resx" behavior="0" />
      <RootComponent type="61" schemaName="msft_facility_bpf.1040.resx" behavior="0" />
      <RootComponent type="61" schemaName="msft_facility_bpf.1041.resx" behavior="0" />
      <RootComponent type="61" schemaName="msft_facility_bpf.1042.resx" behavior="0" />
      <RootComponent type="61" schemaName="msft_facility_bpf.1045.resx" behavior="0" />
      <RootComponent type="61" schemaName="msft_facility_bpf.1046.resx" behavior="0" />
      <RootComponent type="61" schemaName="msft_facility_bpf.1055.resx" behavior="0" />
      <RootComponent type="61" schemaName="msft_facility_bpf.2070.resx" behavior="0" />
      <RootComponent type="61" schemaName="msft_facility_bpf.3082.resx" behavior="0" />
      <RootComponent type="61" schemaName="msft_facility_groups_icon" behavior="0" />
      <RootComponent type="61" schemaName="msft_facility_icon" behavior="0" />
      <RootComponent type="61" schemaName="msft_facility_safety_management_app_icon" behavior="0" />
      <RootComponent type="61" schemaName="msft_facility_type_icon" behavior="0" />
      <RootComponent type="61" schemaName="msft_floor_icon" behavior="0" />
      <RootComponent type="61" schemaName="msft_goal_icon" behavior="0" />
      <RootComponent type="61" schemaName="msft_guestregistrationicon" behavior="0" />
      <RootComponent type="61" schemaName="msft_guest_attestation_icon" behavior="0" />
      <RootComponent type="61" schemaName="msft_key_metric_icon" behavior="0" />
      <RootComponent type="61" schemaName="msft_measurements_icon" behavior="0" />
      <RootComponent type="61" schemaName="msft_readiness_category_icon" behavior="0" />
      <RootComponent type="61" schemaName="msft_readiness_factor_icon" behavior="0" />
      <RootComponent type="61" schemaName="msft_reopen_phase_icon" behavior="0" />
      <RootComponent type="61" schemaName="msft_reopen_phase_transition_icon" behavior="0" />
      <RootComponent type="61" schemaName="msft_solution_setting_icon" behavior="0" />
      <RootComponent type="61" schemaName="msft_stateprovince_icon" behavior="0" />
      <RootComponent type="61" schemaName="msft_workplace_care_management_app_icon" behavior="0" />
      <RootComponent type="62" schemaName="msft_employeecasereturntoworkplace" behavior="0" />
      <RootComponent type="62" schemaName="msft_returntoworkplace" behavior="0" />
      <RootComponent type="80" schemaName="msft_employeecasereturntoworkplace" behavior="0" />
      <RootComponent type="80" schemaName="msft_returntoworkplace" behavior="0" />
      <RootComponent type="300" schemaName="msft_employeequestionnaireapp_6650e" behavior="0" />
    </RootComponents>
    <MissingDependencies>
      <MissingDependency>
        <Required key="0" type="26" schemaName="All Contacts" displayName="All Contacts" parentSchemaName="contact" parentDisplayName="Contact" solution="msdynce_AppCommon (9.0.4.0066)" id="{0d5d377b-5e7c-47b5-bab1-a5cb8b4ac105}" />
        <Dependent key="0" type="26" schemaName="All Contacts" displayName="All Contacts" parentSchemaName="contact" parentDisplayName="Contact" id="{0d5d377b-5e7c-47b5-bab1-a5cb8b4ac105}" />
      </MissingDependency>
      <MissingDependency>
        <Required key="1" type="60" displayName="Information" parentDisplayName="Contact" solution="msdynce_AppCommon (9.0.4.0066)" id="{894cc46a-b0cb-4ab0-8bf6-200544e46a2d}" />
        <Dependent key="1" type="60" displayName="Information" parentDisplayName="Contact" id="{894cc46a-b0cb-4ab0-8bf6-200544e46a2d}" />
      </MissingDependency>
      <MissingDependency>
        <Required key="2" type="66" schemaName="MscrmControls.FieldControls.ToggleControl" displayName="MscrmControls.FieldControls.ToggleControl" solution="BaseCustomControlsCore (9.0.2010.3017)" />
        <Dependent key="3" type="60" displayName="Information" parentDisplayName="Readiness Check" id="{4c070192-bbba-463b-a660-1692d46bf817}" />
      </MissingDependency>
      <MissingDependency>
        <Required key="4" type="66" schemaName="MscrmControls.FlipSwitch.FlipSwitchControl" displayName="MscrmControls.FlipSwitch.FlipSwitchControl" solution="CustomControlsCore (9.1.0000.24949)" />
        <Dependent key="3" type="60" displayName="Information" parentDisplayName="Readiness Check" id="{4c070192-bbba-463b-a660-1692d46bf817}" />
      </MissingDependency>
      <MissingDependency>
        <Required key="2" type="66" schemaName="MscrmControls.FieldControls.ToggleControl" displayName="MscrmControls.FieldControls.ToggleControl" solution="BaseCustomControlsCore (9.0.2010.3017)" />
        <Dependent key="5" type="60" displayName="Information" parentDisplayName="Employee Case" id="{a4f57a99-edc6-4b78-9d2f-7797f60bb330}" />
      </MissingDependency>
      <MissingDependency>
        <Required key="6" type="66" schemaName="MscrmControls.Grid.GridControl" displayName="MscrmControls.Grid.GridControl" solution="BaseCustomControlsCore (9.0.2010.3017)" />
        <Dependent key="5" type="60" displayName="Information" parentDisplayName="Employee Case" id="{a4f57a99-edc6-4b78-9d2f-7797f60bb330}" />
      </MissingDependency>
      <MissingDependency>
        <Required key="6" type="66" schemaName="MscrmControls.Grid.GridControl" displayName="MscrmControls.Grid.GridControl" solution="BaseCustomControlsCore (9.0.2010.3017)" />
        <Dependent key="7" type="60" displayName="Information" parentDisplayName="Readiness Checklist" id="{b2702d46-19e3-43b8-a314-f382b6f28dcd}" />
      </MissingDependency>
      <MissingDependency>
        <Required key="6" type="66" schemaName="MscrmControls.Grid.GridControl" displayName="MscrmControls.Grid.GridControl" solution="BaseCustomControlsCore (9.0.2010.3017)" />
        <Dependent key="8" type="60" displayName="Information" parentDisplayName="Facility" id="{9a8ba460-9f29-41b9-a3e2-55e9397c6890}" />
      </MissingDependency>
      <MissingDependency>
        <Required key="6" type="66" schemaName="MscrmControls.Grid.GridControl" displayName="MscrmControls.Grid.GridControl" solution="BaseCustomControlsCore (9.0.2010.3017)" />
        <Dependent key="9" type="60" displayName="Information" parentDisplayName="Reopen Phase" id="{de076940-2bcd-425c-b652-51a232b32f60}" />
      </MissingDependency>
      <MissingDependency>
        <Required key="10" type="60" displayName="Recent Cases and Entitlements" parentDisplayName="Contact" solution="msdynce_AppCommon (9.0.4.0066)" id="{f3b707fb-3b5f-45f9-9c6b-5e573bb5d19e}" />
        <Dependent key="11" type="80" schemaName="msft_returntoworkplace" displayName="Facility Safety Management" />
      </MissingDependency>
      <MissingDependency>
        <Required key="12" type="60" displayName="Live Persona Card Form" parentDisplayName="Contact" solution="msdynce_AppCommonPatch201904 (9.0.2010.3003)" id="{449faa0e-f471-48ec-87d0-4719909546d2}" />
        <Dependent key="11" type="80" schemaName="msft_returntoworkplace" displayName="Facility Safety Management" />
      </MissingDependency>
      <MissingDependency>
        <Required key="13" type="60" displayName="contact card" parentDisplayName="Contact" solution="msdynce_AppCommon (9.0.4.0066)" id="{707fc57b-c5e6-471b-a180-e37ed28a38e2}" />
        <Dependent key="11" type="80" schemaName="msft_returntoworkplace" displayName="Facility Safety Management" />
      </MissingDependency>
      <MissingDependency>
        <Required key="14" type="60" displayName="account contact card" parentDisplayName="Contact" solution="msdynce_AppCommon (9.0.4.0066)" id="{29de27bc-a257-4f29-99cf-bab4a84e688f}" />
        <Dependent key="11" type="80" schemaName="msft_returntoworkplace" displayName="Facility Safety Management" />
      </MissingDependency>
      <MissingDependency>
        <Required key="15" type="60" displayName="Contact Quick Form" parentDisplayName="Contact" solution="msdynce_AppCommon (9.0.4.0066)" id="{bdb0ae1c-32fa-4374-b637-8dafe107bc44}" />
        <Dependent key="11" type="80" schemaName="msft_returntoworkplace" displayName="Facility Safety Management" />
      </MissingDependency>
      <MissingDependency>
        <Required key="16" type="60" displayName="Social Profiles" parentDisplayName="Contact" solution="msdynce_AppCommon (9.0.4.0066)" id="{7bb87dfd-ec3e-4ed9-8e3e-5725d3067295}" />
        <Dependent key="11" type="80" schemaName="msft_returntoworkplace" displayName="Facility Safety Management" />
      </MissingDependency>
      <MissingDependency>
        <Required key="17" type="60" displayName="Contact Reference Panel" parentDisplayName="Contact" solution="msdynce_AppCommon (9.0.4.0066)" id="{d880c3cf-80e2-42f3-82f9-24d040d09f17}" />
        <Dependent key="11" type="80" schemaName="msft_returntoworkplace" displayName="Facility Safety Management" />
      </MissingDependency>
      <MissingDependency>
        <Required key="18" type="60" displayName="Contact Quick Create" parentDisplayName="Contact" solution="msdynce_AppCommon (9.0.4.0066)" id="{661157fe-2fc9-4eaa-835f-5bfa2f7b64f7}" />
        <Dependent key="11" type="80" schemaName="msft_returntoworkplace" displayName="Facility Safety Management" />
      </MissingDependency>
      <MissingDependency>
        <Required key="19" type="61" schemaName="msdyn_/Images/Area_Default_Icon.png" displayName="msdyn_/Images/Area_Default_Icon.png" solution="AppModuleWebResources (2.5)" />
        <Dependent key="20" type="62" schemaName="msft_returntoworkplace" />
      </MissingDependency>
    </MissingDependencies>
  </SolutionManifest>
</ImportExportXml>