{"properties":{"connectionReferences":{"shared_commondataserviceforapps_1":{"runtimeSource":"embedded","connection":{"connectionReferenceLogicalName":"cre73_Covid19ScreeningCDS"},"api":{"name":"shared_commondataserviceforapps"}},"shared_office365_1":{"runtimeSource":"embedded","connection":{"connectionReferenceLogicalName":"cre73_ExchangeSendEmail"},"api":{"name":"shared_office365"}}},"definition":{"$schema":"https://schema.management.azure.com/providers/Microsoft.Logic/schemas/2016-06-01/workflowdefinition.json#","contentVersion":"1.0.0.0","parameters":{"$connections":{"defaultValue":{},"type":"Object"},"$authentication":{"defaultValue":{},"type":"SecureObject"},"Appointment Reminder Hours":{"defaultValue":24,"type":"Int","metadata":{"schemaName":"cdl_AppointmentReminder"}},"Admin Email Address":{"defaultValue":"admin@M365x924950.onmicrosoft.com","type":"String","metadata":{"schemaName":"cdl_AdminEmailAddress","description":"This email address will be used to send notification  if the flow to notify result of employee fails"}}},"triggers":{"Recurrence":{"recurrence":{"frequency":"Minute","interval":30},"type":"Recurrence"}},"actions":{"List_Employee_Bookings_with_Appointment_Reminder_Flag":{"runAfter":{},"type":"OpenApiConnection","inputs":{"host":{"connectionName":"shared_commondataserviceforapps_1","operationId":"ListRecords","apiId":"/providers/Microsoft.PowerApps/apis/shared_commondataserviceforapps"},"parameters":{"entityName":"msft_employeebookings","$filter":"cdl_appointmentreminderflag eq false and statuscode eq 1"},"authentication":"@parameters('$authentication')"}},"Apply_to_each":{"foreach":"@outputs('List_Employee_Bookings_with_Appointment_Reminder_Flag')?['body/value']","actions":{"Condition":{"actions":{"Get_Employee_Email":{"runAfter":{},"type":"OpenApiConnection","inputs":{"host":{"connectionName":"shared_commondataserviceforapps_1","operationId":"GetItem","apiId":"/providers/Microsoft.PowerApps/apis/shared_commondataserviceforapps"},"parameters":{"entityName":"contacts","recordId":"@items('Apply_to_each')?['_msft_employeeid_value']"},"authentication":"@parameters('$authentication')"}},"Send_an_email_(V2)":{"runAfter":{"Compose":["Succeeded"]},"type":"OpenApiConnection","inputs":{"host":{"connectionName":"shared_office365_1","operationId":"SendEmailV2","apiId":"/providers/Microsoft.PowerApps/apis/shared_office365"},"parameters":{"emailMessage/To":"@outputs('Get_Employee_Email')?['body/emailaddress1']","emailMessage/Subject":"Appointment Reminder for @{items('Apply_to_each')?['msft_arrivaltimestart']}","emailMessage/Body":"<p>@{outputs('Compose')}</p>","emailMessage/From":"@variables('SendAsEmail')"},"authentication":"@parameters('$authentication')"}},"Get_Facility":{"runAfter":{"Get_Employee_Email":["Succeeded"]},"type":"OpenApiConnection","inputs":{"host":{"connectionName":"shared_commondataserviceforapps_1","operationId":"GetItem","apiId":"/providers/Microsoft.PowerApps/apis/shared_commondataserviceforapps"},"parameters":{"entityName":"msft_facilities","recordId":"@items('Apply_to_each')?['_msft_facilityid_value']"},"authentication":"@parameters('$authentication')"}},"Compose":{"runAfter":{"Set_Appointment_Location":["Succeeded"]},"type":"Compose","inputs":"@replace(replace(variables('Email Template'),'booking_time_date', variables('Booking Time')), 'location_text', variables('Appointment Location'))"},"Set_Booking_Time":{"runAfter":{"Apply_to_each_2":["Succeeded"]},"type":"SetVariable","inputs":{"name":"Booking Time","value":"@items('Apply_to_each')?['msft_arrivaltimestart']"}},"Set_Appointment_Location":{"runAfter":{"Set_Booking_Time":["Succeeded"]},"type":"SetVariable","inputs":{"name":"Appointment Location","value":"@outputs('Get_Facility')?['body/msft_name']"}},"Get_Solution_Settings_Template":{"runAfter":{"Get_Facility":["Succeeded"]},"type":"OpenApiConnection","inputs":{"host":{"connectionName":"shared_commondataserviceforapps_1","operationId":"ListRecords","apiId":"/providers/Microsoft.PowerApps/apis/shared_commondataserviceforapps"},"parameters":{"entityName":"msft_solutionsettings","$filter":"_msft_facilitygroupid_value eq @{outputs('Get_Facility')?['body/_msft_facilitygroupid_value']}"},"authentication":"@parameters('$authentication')"}},"Apply_to_each_2":{"foreach":"@outputs('Get_Solution_Settings_Template')?['body/value']","actions":{"Set_Email_Template_from_Solution_Settings":{"runAfter":{},"type":"SetVariable","inputs":{"name":"Email Template","value":"@items('Apply_to_each_2')?['cdl_appointmentreminderemailtemplate']"}}},"runAfter":{"Get_Solution_Settings_Template":["Succeeded"]},"type":"Foreach"},"Send_an_email_(V2)_2":{"runAfter":{"Send_an_email_(V2)":["Failed"]},"type":"OpenApiConnection","inputs":{"host":{"connectionName":"shared_office365_1","operationId":"SendEmailV2","apiId":"/providers/Microsoft.PowerApps/apis/shared_office365"},"parameters":{"emailMessage/To":"@parameters('Admin Email Address')","emailMessage/Subject":"Appointment Email Reminder Failed ","emailMessage/Body":"<p>An appointment reminder email failed to @{outputs('Get_Employee_Email')?['body/emailaddress1']}.</p>"},"authentication":"@parameters('$authentication')"}},"Update_a_row":{"runAfter":{"Send_an_email_(V2)":["Succeeded"]},"type":"OpenApiConnection","inputs":{"host":{"connectionName":"shared_commondataserviceforapps_1","operationId":"UpdateRecord","apiId":"/providers/Microsoft.PowerApps/apis/shared_commondataserviceforapps"},"parameters":{"entityName":"msft_employeebookings","recordId":"@items('Apply_to_each')?['msft_employeebookingid']","item/cdl_appointmentreminderflag":true},"authentication":"@parameters('$authentication')"}}},"runAfter":{},"expression":{"lessOrEquals":["@items('Apply_to_each')?['msft_arrivaltimestart']","@addHours(utcNow(), parameters('Appointment Reminder Hours'))"]},"type":"If"}},"runAfter":{"Check_if_Env_Var_Value_Exists":["Succeeded"]},"type":"Foreach"},"Email_Template":{"runAfter":{"List_Employee_Bookings_with_Appointment_Reminder_Flag":["Succeeded"]},"type":"InitializeVariable","inputs":{"variables":[{"name":"Email Template","type":"string"}]}},"Appointment_Time":{"runAfter":{"Email_Template":["Succeeded"]},"type":"InitializeVariable","inputs":{"variables":[{"name":"Booking Time","type":"string"}]}},"Appointment_Location":{"runAfter":{"Appointment_Time":["Succeeded"]},"type":"InitializeVariable","inputs":{"variables":[{"name":"Appointment Location","type":"string"}]}},"Initialize_SendAsEmail":{"runAfter":{"Appointment_Location":["Succeeded"]},"type":"InitializeVariable","inputs":{"variables":[{"name":"SendAsEmail","type":"string"}]}},"List_Env_Var_Def_SendAsEmail":{"runAfter":{"Initialize_SendAsEmail":["Succeeded"]},"type":"OpenApiConnection","inputs":{"host":{"connectionName":"shared_commondataserviceforapps_1","operationId":"ListRecords","apiId":"/providers/Microsoft.PowerApps/apis/shared_commondataserviceforapps"},"parameters":{"entityName":"environmentvariabledefinitions","$filter":"schemaname eq 'cdl_SendAsEmailForNotificationResult'"},"authentication":"@parameters('$authentication')"}},"Send_As_Env_Def_Id":{"runAfter":{"List_Env_Var_Def_SendAsEmail":["Succeeded"]},"type":"Compose","inputs":"@first(outputs('List_Env_Var_Def_SendAsEmail')?['body/value'])?['environmentvariabledefinitionid']"},"List_Env_Var_Value_Send_As":{"runAfter":{"Send_As_Env_Def_Id":["Succeeded"]},"type":"OpenApiConnection","inputs":{"host":{"connectionName":"shared_commondataserviceforapps_1","operationId":"ListRecords","apiId":"/providers/Microsoft.PowerApps/apis/shared_commondataserviceforapps"},"parameters":{"entityName":"environmentvariablevalues","$filter":"_environmentvariabledefinitionid_value eq @{outputs('Send_As_Env_Def_Id')}"},"authentication":"@parameters('$authentication')"}},"Check_if_Env_Var_Value_Exists":{"actions":{"Set_Send_As":{"runAfter":{},"type":"SetVariable","inputs":{"name":"SendAsEmail","value":"@{first(outputs('List_Env_Var_Value_Send_As')?['body/value'])?['value']}"}}},"runAfter":{"List_Env_Var_Value_Send_As":["Succeeded"]},"else":{"actions":{"Set_Send_As_v2":{"runAfter":{},"type":"SetVariable","inputs":{"name":"SendAsEmail","value":"@{first(outputs('List_Env_Var_Value_Send_As')?['body/value'])?['defaultvalue']}"}}}},"expression":{"greater":["@length(outputs('List_Env_Var_Value_Send_As')?['body/value'])",0]},"type":"If"}},"outputs":{}}},"schemaVersion":"1.0.0.0"}