<environmentvariabledefinition schemaname="cdl_Quarantineperiodindays">
  <defaultvalue>14</defaultvalue>
  <description default="Number of days before which a COVID Positive will not be able to book screenings">
    <label description="Number of days before which a COVID Positive will not be able to book screenings" languagecode="1033" />
  </description>
  <displayname default="Quarantine period in days">
    <label description="Quarantine period in days" languagecode="1033" />
  </displayname>
  <introducedversion>2.0.0.8</introducedversion>
  <iscustomizable>1</iscustomizable>
  <isrequired>0</isrequired>
  <type>100000001</type>
</environmentvariabledefinition>