{"properties":{"connectionReferences":{"shared_commondataserviceforapps_1":{"runtimeSource":"embedded","connection":{"connectionReferenceLogicalName":"cre73_Covid19ScreeningCDS"},"api":{"name":"shared_commondataserviceforapps"}},"shared_office365":{"runtimeSource":"embedded","connection":{"connectionReferenceLogicalName":"cre73_ExchangeSendEmail"},"api":{"name":"shared_office365"}},"shared_office365users":{"runtimeSource":"embedded","connection":{"connectionReferenceLogicalName":"cdl_Office365Users"},"api":{"name":"shared_office365users"}}},"definition":{"$schema":"https://schema.management.azure.com/providers/Microsoft.Logic/schemas/2016-06-01/workflowdefinition.json#","contentVersion":"1.0.0.0","parameters":{"$connections":{"defaultValue":{},"type":"Object"},"$authentication":{"defaultValue":{},"type":"SecureObject"}},"triggers":{"When_a_row_is_added,_modified_or_deleted":{"type":"OpenApiConnectionWebhook","inputs":{"host":{"connectionName":"shared_commondataserviceforapps_1","operationId":"SubscribeWebhookTrigger","apiId":"/providers/Microsoft.PowerApps/apis/shared_commondataserviceforapps"},"parameters":{"subscriptionRequest/message":3,"subscriptionRequest/entityname":"cdl_screening","subscriptionRequest/scope":4,"subscriptionRequest/filterexpression":"cdl_screenresult ne null and cdl_notificationflowrun ne true"},"authentication":"@parameters('$authentication')"}}},"actions":{"Get_Employee_Booking":{"runAfter":{"Check_If_Env_Var_SendAs_exists":["Succeeded"]},"type":"OpenApiConnection","inputs":{"host":{"connectionName":"shared_commondataserviceforapps_1","operationId":"GetItem","apiId":"/providers/Microsoft.PowerApps/apis/shared_commondataserviceforapps"},"parameters":{"entityName":"msft_employeebookings","recordId":"@outputs('Update_a_record')?['body/_cdl_employeebooking_value']"},"authentication":"@parameters('$authentication')"}},"Get_Employee":{"runAfter":{"Set_variable":["Succeeded"]},"type":"OpenApiConnection","inputs":{"host":{"connectionName":"shared_commondataserviceforapps_1","operationId":"GetItem","apiId":"/providers/Microsoft.PowerApps/apis/shared_commondataserviceforapps"},"parameters":{"entityName":"contacts","recordId":"@triggerOutputs()?['body/_cdl_employee_value']"},"authentication":"@parameters('$authentication')"}},"Switch":{"runAfter":{"Get_manager_(V2)":["Succeeded","Failed","Skipped","TimedOut"]},"cases":{"Case":{"case":754410000,"actions":{"List_records":{"runAfter":{},"type":"OpenApiConnection","inputs":{"host":{"connectionName":"shared_commondataserviceforapps_1","operationId":"ListRecords","apiId":"/providers/Microsoft.PowerApps/apis/shared_commondataserviceforapps"},"parameters":{"entityName":"cdl_emailtemplateses","$filter":"(cdl_documenttype eq 754410000)"},"authentication":"@parameters('$authentication')"}},"Apply_to_each_3":{"foreach":"@outputs('List_records')?['body/value']","actions":{"Get_Document_For_Positive_Result":{"runAfter":{},"type":"OpenApiConnection","inputs":{"host":{"connectionName":"shared_commondataserviceforapps_1","operationId":"GetEntityFileImageFieldContent","apiId":"/providers/Microsoft.PowerApps/apis/shared_commondataserviceforapps"},"parameters":{"entityName":"cdl_emailtemplateses","recordId":"@items('Apply_to_each_3')?['cdl_emailtemplatesid']","fileImageFieldName":"cdl_documenttemplate"},"authentication":"@parameters('$authentication')"}},"Send_Email_for_Positive_Result":{"runAfter":{"Get_Document_For_Positive_Result":["Succeeded"]},"type":"OpenApiConnection","inputs":{"host":{"connectionName":"shared_office365","operationId":"SendEmailV2","apiId":"/providers/Microsoft.PowerApps/apis/shared_office365"},"parameters":{"emailMessage/To":"@{outputs('Get_Employee')?['body/emailaddress1']};@{outputs('Get_Employee')?['body/cdl_personalemail']}","emailMessage/Subject":"Confidential Screening test result","emailMessage/Body":"@variables('EmailBody')","emailMessage/From":"@variables('SendAsEmail')","emailMessage/Attachments":[{"Name":"ScreeningResult.pdf","ContentBytes":"@outputs('Get_Document_For_Positive_Result')?['body']"}],"emailMessage/Importance":"High"},"authentication":"@parameters('$authentication')"}}},"runAfter":{"Get_Email_To_Notify_For_VIP":["Succeeded"]},"type":"Foreach"},"List_Facility":{"runAfter":{"List_records":["Succeeded"]},"type":"OpenApiConnection","inputs":{"host":{"connectionName":"shared_commondataserviceforapps_1","operationId":"ListRecords","apiId":"/providers/Microsoft.PowerApps/apis/shared_commondataserviceforapps"},"parameters":{"entityName":"msft_facilities","$filter":"msft_facilityid eq  @{outputs('Get_Employee_Booking')?['body/_msft_facilityid_value']}"},"authentication":"@parameters('$authentication')"}},"Get_Email_To_Notify":{"runAfter":{"List_Facility":["Succeeded"]},"type":"Compose","inputs":"@first(outputs('List_Facility')?['body/value'])?['cdl_notifyforpositiveresult']"},"Get_Email_To_Notify_For_VIP":{"runAfter":{"Get_Email_To_Notify":["Succeeded"]},"type":"Compose","inputs":"@first(outputs('List_Facility')?['body/value'])?['cdl_notifyforpositiveresultforvip']"},"Is_Contact_VIP":{"actions":{"Facility_Manager_email_for_VIP_exists":{"actions":{"Send_Email_to_Facitlity_Manager_for_VIP":{"runAfter":{},"type":"OpenApiConnection","inputs":{"host":{"connectionName":"shared_office365","operationId":"SendEmailV2","apiId":"/providers/Microsoft.PowerApps/apis/shared_office365"},"parameters":{"emailMessage/To":"@{outputs('Get_Email_To_Notify_For_VIP')};@{outputs('Get_manager_(V2)')?['body/mail']}","emailMessage/Subject":"COVID Preliminary Positive Result Detected","emailMessage/Body":"<p>Employee Name - @{outputs('Get_Employee')?['body/fullname']}<br>\nEmail Address - @{outputs('Get_Employee')?['body/emailaddress1']}<br>\nScreening Result - Preliminary Positive<br>\nScreen Report Time-@{triggerOutputs()?['body/cdl_screenendtime']}</p>"},"authentication":"@parameters('$authentication')"}}},"runAfter":{},"expression":{"or":[{"not":{"equals":["@outputs('Get_Email_To_Notify_For_VIP')","@null"]}},{"not":{"equals":["@outputs('Get_manager_(V2)')?['body/mail']","@null"]}}]},"type":"If"}},"runAfter":{"Apply_to_each_3":["Succeeded"]},"else":{"actions":{"If_Facility_Manager_EMail_exists":{"actions":{"Send_EMail_to_Facility_Manager":{"runAfter":{},"type":"OpenApiConnection","inputs":{"host":{"connectionName":"shared_office365","operationId":"SendEmailV2","apiId":"/providers/Microsoft.PowerApps/apis/shared_office365"},"parameters":{"emailMessage/To":"@{outputs('Get_Email_To_Notify')};@{outputs('Get_manager_(V2)')?['body/mail']}","emailMessage/Subject":"COVID Preliminary Positive Result Detected","emailMessage/Body":"<p>Employee Name - @{outputs('Get_Employee')?['body/fullname']}<br>\nEmail Address - @{outputs('Get_Employee')?['body/emailaddress1']}<br>\nScreening Result - Preliminary Positive<br>\nScreen Report Time-@{triggerOutputs()?['body/cdl_screenendtime']}</p>","emailMessage/From":"@variables('SendAsEmail')"},"authentication":"@parameters('$authentication')"}}},"runAfter":{},"expression":{"or":[{"not":{"equals":["@outputs('Get_Email_To_Notify')","@null"]}},{"not":{"equals":["@outputs('Get_manager_(V2)')?['body/mail']","@null"]}}]},"type":"If"}}},"expression":{"equals":["@outputs('Get_Employee')?['body/cdl_isvip']",true]},"type":"If"}}},"Case_2":{"case":754410001,"actions":{"List_Records_Negative_Result":{"runAfter":{},"type":"OpenApiConnection","inputs":{"host":{"connectionName":"shared_commondataserviceforapps_1","operationId":"ListRecords","apiId":"/providers/Microsoft.PowerApps/apis/shared_commondataserviceforapps"},"parameters":{"entityName":"cdl_emailtemplateses","$filter":"(cdl_documenttype eq 754410001)"},"authentication":"@parameters('$authentication')"}},"Apply_to_each":{"foreach":"@outputs('List_Records_Negative_Result')?['body/value']","actions":{"Get_Document_Negative_Result":{"runAfter":{},"type":"OpenApiConnection","inputs":{"host":{"connectionName":"shared_commondataserviceforapps_1","operationId":"GetEntityFileImageFieldContent","apiId":"/providers/Microsoft.PowerApps/apis/shared_commondataserviceforapps"},"parameters":{"entityName":"cdl_emailtemplateses","recordId":"@items('Apply_to_each')?['cdl_emailtemplatesid']","fileImageFieldName":"cdl_documenttemplate"},"authentication":"@parameters('$authentication')"}},"Send_Email_Negative_Result":{"runAfter":{"Get_Document_Negative_Result":["Succeeded"]},"type":"OpenApiConnection","inputs":{"host":{"connectionName":"shared_office365","operationId":"SendEmailV2","apiId":"/providers/Microsoft.PowerApps/apis/shared_office365"},"parameters":{"emailMessage/To":"@{outputs('Get_Employee')?['body/emailaddress1']};@{outputs('Get_Employee')?['body/cdl_personalemail']}","emailMessage/Subject":" Confidential Screening test result","emailMessage/Body":"@variables('EmailBody')","emailMessage/From":"@variables('SendAsEmail')","emailMessage/Attachments":[{"Name":"ScreeningResult.pdf","ContentBytes":"@outputs('Get_Document_Negative_Result')?['body']"}],"emailMessage/Importance":"High"},"authentication":"@parameters('$authentication')"}}},"runAfter":{"List_Records_Negative_Result":["Succeeded"]},"type":"Foreach"}}},"Case_3":{"case":754410002,"actions":{"List_Records_Inconclusive":{"runAfter":{},"type":"OpenApiConnection","inputs":{"host":{"connectionName":"shared_commondataserviceforapps_1","operationId":"ListRecords","apiId":"/providers/Microsoft.PowerApps/apis/shared_commondataserviceforapps"},"parameters":{"entityName":"cdl_emailtemplateses","$filter":"(cdl_documenttype eq 754410002)"},"authentication":"@parameters('$authentication')"}},"Apply_to_each_2":{"foreach":"@outputs('List_Records_Inconclusive')?['body/value']","actions":{"Get_Document_Inconclusive":{"runAfter":{},"type":"OpenApiConnection","inputs":{"host":{"connectionName":"shared_commondataserviceforapps_1","operationId":"GetEntityFileImageFieldContent","apiId":"/providers/Microsoft.PowerApps/apis/shared_commondataserviceforapps"},"parameters":{"entityName":"cdl_emailtemplateses","recordId":"@items('Apply_to_each_2')?['cdl_emailtemplatesid']","fileImageFieldName":"cdl_documenttemplate"},"authentication":"@parameters('$authentication')"}},"Send_Email_For_Inconclusive":{"runAfter":{"Get_Document_Inconclusive":["Succeeded"]},"type":"OpenApiConnection","inputs":{"host":{"connectionName":"shared_office365","operationId":"SendEmailV2","apiId":"/providers/Microsoft.PowerApps/apis/shared_office365"},"parameters":{"emailMessage/To":"@{outputs('Get_Employee')?['body/emailaddress1']};@{outputs('Get_Employee')?['body/cdl_personalemail']}","emailMessage/Subject":" Confidential Screening test result","emailMessage/Body":"@variables('EmailBody')","emailMessage/From":"@variables('SendAsEmail')","emailMessage/Attachments":[{"Name":"ScreeningResult.pdf","ContentBytes":"@outputs('Get_Document_Inconclusive')?['body']"}],"emailMessage/Importance":"High"},"authentication":"@parameters('$authentication')"}}},"runAfter":{"List_Records_Inconclusive":["Succeeded"]},"type":"Foreach"}}}},"default":{"actions":{}},"expression":"@triggerOutputs()?['body/cdl_screenresult']","type":"Switch"},"Send_an_email_(V2)":{"runAfter":{"Switch":["Failed","Skipped"]},"type":"OpenApiConnection","inputs":{"host":{"connectionName":"shared_office365","operationId":"SendEmailV2","apiId":"/providers/Microsoft.PowerApps/apis/shared_office365"},"parameters":{"emailMessage/To":"@variables('FlowFailEmailAddress')","emailMessage/Subject":"The flow to send notification to employee regarding screening result has failed","emailMessage/Body":"<p>The notification flow for employee @{outputs('Get_Employee')?['body/fullname']} has failed.</p>","emailMessage/Importance":"High"},"authentication":"@parameters('$authentication')"}},"Update_a_record":{"runAfter":{},"type":"OpenApiConnection","inputs":{"host":{"connectionName":"shared_commondataserviceforapps_1","operationId":"UpdateRecord","apiId":"/providers/Microsoft.PowerApps/apis/shared_commondataserviceforapps"},"parameters":{"entityName":"cdl_screenings","recordId":"@triggerOutputs()?['body/cdl_screeningid']","item/cdl_notificationflowrun":true},"authentication":"@parameters('$authentication')"}},"List_Facilities":{"runAfter":{"Get_Employee_Booking":["Succeeded"]},"type":"OpenApiConnection","inputs":{"host":{"connectionName":"shared_commondataserviceforapps_1","operationId":"ListRecords","apiId":"/providers/Microsoft.PowerApps/apis/shared_commondataserviceforapps"},"parameters":{"entityName":"msft_facilities","$filter":"msft_facilityid eq @{outputs('Update_a_record')?['body/_cdl_testingsite_value']}"},"authentication":"@parameters('$authentication')"}},"Get_Facility_Group":{"runAfter":{"List_Facilities":["Succeeded"]},"type":"Compose","inputs":"@first(outputs('List_Facilities')?['body/value'])?['_msft_facilitygroupid_value']"},"List_Solution_Settings":{"runAfter":{"Get_Facility_Group":["Succeeded"]},"type":"OpenApiConnection","inputs":{"host":{"connectionName":"shared_commondataserviceforapps_1","operationId":"ListRecords","apiId":"/providers/Microsoft.PowerApps/apis/shared_commondataserviceforapps"},"parameters":{"entityName":"msft_solutionsettings","$filter":"_msft_facilitygroupid_value eq @{outputs('Get_Facility_Group')}"},"authentication":"@parameters('$authentication')"}},"Set_variable":{"runAfter":{"Get_Email_Body_From_Solution_Setting":["Succeeded"]},"type":"SetVariable","inputs":{"name":"EmailBody","value":"@{outputs('Get_Email_Body_From_Solution_Setting')}"}},"Get_Email_Body_From_Solution_Setting":{"runAfter":{"List_Solution_Settings":["Succeeded"]},"type":"Compose","inputs":"@first(outputs('List_Solution_Settings')?['body/value'])?['cdl_emailbodyforresultemail']"},"Init_Admin_Email":{"runAfter":{"Update_a_record":["Succeeded"]},"type":"InitializeVariable","inputs":{"variables":[{"name":"FlowFailEmailAddress","type":"string","value":"deepa@dkerr.onmicrosoft.com"}]}},"Init_Email_Body":{"runAfter":{"Init_Admin_Email":["Succeeded"]},"type":"InitializeVariable","inputs":{"variables":[{"name":"EmailBody","type":"string"}]}},"List_Env_Definition_Admin_Email":{"runAfter":{"SendAsEmail":["Succeeded"]},"type":"OpenApiConnection","inputs":{"host":{"connectionName":"shared_commondataserviceforapps_1","operationId":"ListRecords","apiId":"/providers/Microsoft.PowerApps/apis/shared_commondataserviceforapps"},"parameters":{"entityName":"environmentvariabledefinitions","$filter":"schemaname eq 'cdl_AdminEmailAddress'"},"authentication":"@parameters('$authentication')"}},"Env_Var_Id":{"runAfter":{"List_Env_Definition_Admin_Email":["Succeeded"]},"type":"Compose","inputs":"@first(outputs('List_Env_Definition_Admin_Email')?['body/value'])?['environmentvariabledefinitionid']"},"Environment_Var_Value":{"runAfter":{"Env_Var_Id":["Succeeded"]},"type":"OpenApiConnection","inputs":{"host":{"connectionName":"shared_commondataserviceforapps_1","operationId":"ListRecords","apiId":"/providers/Microsoft.PowerApps/apis/shared_commondataserviceforapps"},"parameters":{"entityName":"environmentvariablevalues","$filter":"_environmentvariabledefinitionid_value eq @{outputs('Env_Var_Id')}"},"authentication":"@parameters('$authentication')"}},"Check_If_Env_Var_Value_Exists":{"actions":{"Set_Variable_For_Admin_email":{"runAfter":{},"type":"SetVariable","inputs":{"name":"FlowFailEmailAddress","value":"@{first(outputs('Environment_Var_Value')?['body/value'])?['value']}"}}},"runAfter":{"Environment_Var_Value":["Succeeded"]},"else":{"actions":{"Set_variable_3":{"runAfter":{},"type":"SetVariable","inputs":{"name":"FlowFailEmailAddress","value":"@{first(outputs('List_Env_Definition_Admin_Email')?['body/value'])?['']}"}}}},"expression":{"greater":["@length(outputs('Environment_Var_Value')?['body/value'])",0]},"type":"If"},"List_Env_Var_Value_-_Send_As":{"runAfter":{"Send_As_Env_Def_Id":["Succeeded"]},"type":"OpenApiConnection","inputs":{"host":{"connectionName":"shared_commondataserviceforapps_1","operationId":"ListRecords","apiId":"/providers/Microsoft.PowerApps/apis/shared_commondataserviceforapps"},"parameters":{"entityName":"environmentvariablevalues","$filter":"_environmentvariabledefinitionid_value eq @{outputs('Send_As_Env_Def_Id')}"},"authentication":"@parameters('$authentication')"}},"SendAsEmail":{"runAfter":{"Init_Email_Body":["Succeeded"]},"type":"InitializeVariable","inputs":{"variables":[{"name":"SendAsEmail","type":"string"}]}},"Check_If_Env_Var_SendAs_exists":{"actions":{"Set_Send_As":{"runAfter":{},"type":"SetVariable","inputs":{"name":"SendAsEmail","value":"@{first(outputs('List_Env_Var_Value_-_Send_As')?['body/value'])?['value']}"}}},"runAfter":{"List_Env_Var_Value_-_Send_As":["Succeeded"]},"else":{"actions":{"Set_variable_2":{"runAfter":{},"type":"SetVariable","inputs":{"name":"SendAsEmail","value":"@{first(outputs('List_Env_Var_Def_SendAsEmail')?['body/value'])?['defaultvalue']}"}}}},"expression":{"greater":["@length(outputs('List_Env_Var_Value_-_Send_As')?['body/value'])",0]},"type":"If"},"List_Env_Var_Def_SendAsEmail":{"runAfter":{"Check_If_Env_Var_Value_Exists":["Succeeded"]},"type":"OpenApiConnection","inputs":{"host":{"connectionName":"shared_commondataserviceforapps_1","operationId":"ListRecords","apiId":"/providers/Microsoft.PowerApps/apis/shared_commondataserviceforapps"},"parameters":{"entityName":"environmentvariabledefinitions","$filter":"schemaname eq 'cdl_SendAsEmailForNotificationResult'"},"authentication":"@parameters('$authentication')"}},"Send_As_Env_Def_Id":{"runAfter":{"List_Env_Var_Def_SendAsEmail":["Succeeded"]},"type":"Compose","inputs":"@first(outputs('List_Env_Var_Def_SendAsEmail')?['body/value'])?['environmentvariabledefinitionid']"},"Get_manager_(V2)":{"runAfter":{"Get_Employee":["Succeeded"]},"type":"OpenApiConnection","inputs":{"host":{"connectionName":"shared_office365users","operationId":"Manager_V2","apiId":"/providers/Microsoft.PowerApps/apis/shared_office365users"},"parameters":{"id":"@outputs('Get_Employee')?['body/emailaddress1']"},"authentication":"@parameters('$authentication')"}}},"outputs":{}}},"schemaVersion":"1.0.0.0"}