{"properties":{"connectionReferences":{"shared_commondataserviceforapps":{"runtimeSource":"embedded","connection":{},"api":{"name":"shared_commondataserviceforapps"}}},"definition":{"$schema":"https://schema.management.azure.com/providers/Microsoft.Logic/schemas/2016-06-01/workflowdefinition.json#","contentVersion":"1.0.0.0","parameters":{"$connections":{"defaultValue":{},"type":"Object"},"$authentication":{"defaultValue":{},"type":"SecureObject"}},"triggers":{"When_a_row_is_created,_updated_or_deleted":{"type":"OpenApiConnectionWebhook","inputs":{"host":{"connectionName":"shared_commondataserviceforapps","operationId":"SubscribeWebhookTrigger","apiId":"/providers/Microsoft.PowerApps/apis/shared_commondataserviceforapps"},"parameters":{"subscriptionRequest/message":3,"subscriptionRequest/entityname":"cdl_screening","subscriptionRequest/scope":4,"subscriptionRequest/filterexpression":"cdl_screenresult eq 754410000"},"authentication":"@parameters('$authentication')"}}},"actions":{"List_rows_-_Get_Employee_Booking":{"runAfter":{},"type":"OpenApiConnection","inputs":{"host":{"connectionName":"shared_commondataserviceforapps","operationId":"ListRecords","apiId":"/providers/Microsoft.PowerApps/apis/shared_commondataserviceforapps"},"parameters":{"entityName":"msft_employeebookings","$filter":"msft_employeeid/contactid eq '@{triggerOutputs()?['body/_cdl_employee_value']}' and msft_bookingdate gt @{utcnow()} and statecode eq 0 and cdl_screeningstatus eq 754410000"},"authentication":"@parameters('$authentication')"}},"Condition":{"actions":{"Apply_to_each":{"foreach":"@outputs('List_rows_-_Get_Employee_Booking')?['body/value']","actions":{"List_Employee_Attestations":{"runAfter":{},"type":"OpenApiConnection","inputs":{"host":{"connectionName":"shared_commondataserviceforapps","operationId":"ListRecords","apiId":"/providers/Microsoft.PowerApps/apis/shared_commondataserviceforapps"},"parameters":{"entityName":"msft_employeeattestations","$filter":"_msft_employeebookingid_value eq @{items('Apply_to_each')?['msft_employeebookingid']}"},"authentication":"@parameters('$authentication')"}},"Get_Attestation_Id":{"runAfter":{"Disable_Employee_Booking":["Succeeded"]},"type":"Compose","inputs":"@first(outputs('List_Employee_Attestations')?['body/value'])?['msft_employeeattestationid']"},"Disable_Employee_Attestation":{"runAfter":{"Get_Attestation_Id":["Succeeded"]},"type":"OpenApiConnection","inputs":{"host":{"connectionName":"shared_commondataserviceforapps","operationId":"UpdateRecord","apiId":"/providers/Microsoft.PowerApps/apis/shared_commondataserviceforapps"},"parameters":{"entityName":"msft_employeeattestations","recordId":"@outputs('Get_Attestation_Id')","item/statecode":1,"item/statuscode":2},"authentication":"@parameters('$authentication')"}},"Disable_Employee_Booking":{"runAfter":{"List_Employee_Attestations":["Succeeded"]},"type":"OpenApiConnection","inputs":{"host":{"connectionName":"shared_commondataserviceforapps","operationId":"UpdateRecord","apiId":"/providers/Microsoft.PowerApps/apis/shared_commondataserviceforapps"},"parameters":{"entityName":"msft_employeebookings","recordId":"@items('Apply_to_each')?['msft_employeebookingid']","item/statecode":1,"item/statuscode":2},"authentication":"@parameters('$authentication')"}}},"runAfter":{},"type":"Foreach"}},"runAfter":{"List_rows_-_Get_Employee_Booking":["Succeeded"]},"expression":{"greater":["@length(outputs('List_rows_-_Get_Employee_Booking')?['body/value'])",0]},"type":"If"}},"outputs":{}}},"schemaVersion":"1.0.0.0"}