{"properties":{"connectionReferences":{"shared_commondataserviceforapps_3":{"runtimeSource":"embedded","connection":{"connectionReferenceLogicalName":"cre73_Covid19ScreeningCDS"},"api":{"name":"shared_commondataserviceforapps"}}},"definition":{"$schema":"https://schema.management.azure.com/providers/Microsoft.Logic/schemas/2016-06-01/workflowdefinition.json#","contentVersion":"1.0.0.0","parameters":{"$connections":{"defaultValue":{},"type":"Object"},"$authentication":{"defaultValue":{},"type":"SecureObject"}},"triggers":{"When_a_row_is_added,_modified_or_deleted":{"type":"OpenApiConnectionWebhook","inputs":{"host":{"connectionName":"shared_commondataserviceforapps_3","operationId":"SubscribeWebhookTrigger","apiId":"/providers/Microsoft.PowerApps/apis/shared_commondataserviceforapps"},"parameters":{"subscriptionRequest/message":3,"subscriptionRequest/entityname":"msft_area","subscriptionRequest/scope":4,"subscriptionRequest/filteringattributes":"statecode"},"authentication":"@parameters('$authentication')"}}},"actions":{"Condition":{"actions":{"List_Employee_Bookings":{"runAfter":{},"type":"OpenApiConnection","inputs":{"host":{"connectionName":"shared_commondataserviceforapps_3","operationId":"ListRecords","apiId":"/providers/Microsoft.PowerApps/apis/shared_commondataserviceforapps"},"parameters":{"entityName":"msft_employeebookings","$filter":"_msft_areaid_value eq @{triggerOutputs()?['body/msft_areaid']} and _msft_facilityid_value eq @{triggerOutputs()?['body/_msft_facilityid_value']} and statecode eq 0 and msft_arrivaltimestart gt @{addDays(formatDateTime(utcNow(),'yyyy-MM-dd'),-1,'yyyy-MM-dd')} and cdl_screeningstatus eq 754410000"},"authentication":"@parameters('$authentication')"}},"Apply_to_each_Employee_Booking":{"foreach":"@outputs('List_Employee_Bookings')?['body/value']","actions":{"Condition_2":{"actions":{"Update_Employee_Booking":{"runAfter":{},"type":"OpenApiConnection","inputs":{"host":{"connectionName":"shared_commondataserviceforapps_3","operationId":"UpdateRecord","apiId":"/providers/Microsoft.PowerApps/apis/shared_commondataserviceforapps"},"parameters":{"entityName":"msft_employeebookings","recordId":"@items('Apply_to_each_Employee_Booking')?['msft_employeebookingid']","item/statecode":1,"item/statuscode":2},"authentication":"@parameters('$authentication')"}},"Update_Attestation":{"runAfter":{"Attestation_Id":["Succeeded"]},"type":"OpenApiConnection","inputs":{"host":{"connectionName":"shared_commondataserviceforapps_3","operationId":"UpdateRecord","apiId":"/providers/Microsoft.PowerApps/apis/shared_commondataserviceforapps"},"parameters":{"entityName":"msft_employeeattestations","recordId":"@outputs('Attestation_Id')","item/statecode":1,"item/statuscode":2},"authentication":"@parameters('$authentication')"}},"Attestation_Id":{"runAfter":{"List_Attestations":["Succeeded"]},"type":"Compose","inputs":"@first(outputs('List_Attestations')?['body/value'])?['msft_employeeattestationid']"},"List_Attestations":{"runAfter":{"Update_Employee_Booking":["Succeeded"]},"type":"OpenApiConnection","inputs":{"host":{"connectionName":"shared_commondataserviceforapps_3","operationId":"ListRecords","apiId":"/providers/Microsoft.PowerApps/apis/shared_commondataserviceforapps"},"parameters":{"entityName":"msft_employeeattestations","$filter":"_msft_employeeid_value eq @{items('Apply_to_each_Employee_Booking')?['_msft_employeeid_value']} and statecode eq 0 and _msft_employeebookingid_value eq @{items('Apply_to_each_Employee_Booking')?['msft_employeebookingid']}"},"authentication":"@parameters('$authentication')"}}},"runAfter":{},"expression":{"greaterOrEquals":["@items('Apply_to_each_Employee_Booking')?['msft_bookingdate']","@addDays(formatDateTime(utcNow(),'yyyy-MM-dd'),-1,'yyyy-MM-dd')"]},"type":"If"}},"runAfter":{"List_Employee_Bookings":["Succeeded"]},"type":"Foreach"},"List_Time_Slots":{"runAfter":{"Apply_to_each_Employee_Booking":["Succeeded"]},"type":"OpenApiConnection","inputs":{"host":{"connectionName":"shared_commondataserviceforapps_3","operationId":"ListRecords","apiId":"/providers/Microsoft.PowerApps/apis/shared_commondataserviceforapps"},"parameters":{"entityName":"cdl_timeslots","$filter":"_cdl_area_value eq @{triggerOutputs()?['body/msft_areaid']} and _cdl_facility_value eq @{triggerOutputs()?['body/_msft_facilityid_value']} and cdl_startdatewithtimelocal ge @{formatDateTime(utcNow(),'yyyy-MM-dd')} and statecode eq 0"},"authentication":"@parameters('$authentication')"}},"Apply_to_each_time_slot":{"foreach":"@outputs('List_Time_Slots')?['body/value']","actions":{"Update_a_row":{"runAfter":{},"type":"OpenApiConnection","inputs":{"host":{"connectionName":"shared_commondataserviceforapps_3","operationId":"UpdateRecord","apiId":"/providers/Microsoft.PowerApps/apis/shared_commondataserviceforapps"},"parameters":{"entityName":"cdl_timeslots","recordId":"@items('Apply_to_each_time_slot')?['cdl_timeslotid']","item/statecode":1,"item/statuscode":2},"authentication":"@parameters('$authentication')"}}},"runAfter":{"List_Time_Slots":["Succeeded"]},"type":"Foreach"}},"runAfter":{},"else":{"actions":{"List_Time_Slots_to_Activate":{"runAfter":{},"type":"OpenApiConnection","inputs":{"host":{"connectionName":"shared_commondataserviceforapps_3","operationId":"ListRecords","apiId":"/providers/Microsoft.PowerApps/apis/shared_commondataserviceforapps"},"parameters":{"entityName":"cdl_timeslots","$filter":"_cdl_area_value eq @{triggerOutputs()?['body/msft_areaid']} and _cdl_facility_value eq @{triggerOutputs()?['body/_msft_facilityid_value']} and cdl_startdatewithtimelocal ge @{formatDateTime(utcNow(),'yyyy-MM-dd')} and statecode eq 1"},"authentication":"@parameters('$authentication')"}},"Apply_to_each":{"foreach":"@outputs('List_Time_Slots_to_Activate')?['body/value']","actions":{"Update_a_row_2":{"runAfter":{},"type":"OpenApiConnection","inputs":{"host":{"connectionName":"shared_commondataserviceforapps_3","operationId":"UpdateRecord","apiId":"/providers/Microsoft.PowerApps/apis/shared_commondataserviceforapps"},"parameters":{"entityName":"cdl_timeslots","recordId":"@items('Apply_to_each')?['cdl_timeslotid']","item/statecode":0,"item/statuscode":1},"authentication":"@parameters('$authentication')"}}},"runAfter":{"List_Time_Slots_to_Activate":["Succeeded"]},"type":"Foreach"}}},"expression":{"equals":["@triggerOutputs()?['body/statecode']",1]},"type":"If"}},"outputs":{}}},"schemaVersion":"1.0.0.0"}