{"properties":{"connectionReferences":{"shared_microsoftforms":{"runtimeSource":"embedded","connection":{"connectionReferenceLogicalName":"cdl_sharedmicrosoftforms_7faf6"},"api":{"name":"shared_microsoftforms"}},"shared_office365_1":{"runtimeSource":"embedded","connection":{"connectionReferenceLogicalName":"cre73_ExchangeSendEmail"},"api":{"name":"shared_office365"}},"shared_approvals_1":{"runtimeSource":"embedded","connection":{"connectionReferenceLogicalName":"cdl_ApprovalConnection"},"api":{"name":"shared_approvals"}},"shared_commondataserviceforapps_1":{"runtimeSource":"embedded","connection":{"connectionReferenceLogicalName":"cre73_Covid19ScreeningCDS"},"api":{"name":"shared_commondataserviceforapps"}}},"definition":{"$schema":"https://schema.management.azure.com/providers/Microsoft.Logic/schemas/2016-06-01/workflowdefinition.json#","contentVersion":"1.0.0.0","parameters":{"$connections":{"defaultValue":{},"type":"Object"},"$authentication":{"defaultValue":{},"type":"SecureObject"}},"triggers":{"When_a_new_response_is_submitted":{"splitOn":"@triggerOutputs()?['body/value']","type":"OpenApiConnectionWebhook","inputs":{"host":{"connectionName":"shared_microsoftforms","operationId":"CreateFormWebhook","apiId":"/providers/Microsoft.PowerApps/apis/shared_microsoftforms"},"parameters":{"form_id":"HwVMHAW48068IC7g6RZqiWr7pGDRFkhBhGgLMxLx_I5UOFE4T0c1Vk9DREtES0VZSkswUkVDM0s0Vy4u"},"authentication":"@parameters('$authentication')"}}},"actions":{"Get_response_details":{"runAfter":{},"type":"OpenApiConnection","inputs":{"host":{"connectionName":"shared_microsoftforms","operationId":"GetFormResponseById","apiId":"/providers/Microsoft.PowerApps/apis/shared_microsoftforms"},"parameters":{"form_id":"HwVMHAW48068IC7g6RZqiWr7pGDRFkhBhGgLMxLx_I5UOFE4T0c1Vk9DREtES0VZSkswUkVDM0s0Vy4u","response_id":"@triggerOutputs()?['body/resourceData/responseId']"},"authentication":"@parameters('$authentication')"}},"Send_an_email_(V2)":{"runAfter":{"Get_response_details":["Succeeded"]},"type":"OpenApiConnection","inputs":{"host":{"connectionName":"shared_office365_1","operationId":"SendEmailV2","apiId":"/providers/Microsoft.PowerApps/apis/shared_office365"},"parameters":{"emailMessage/To":"@outputs('Get_response_details')?['body/rea321a592a7247e1a13a549a96398216']","emailMessage/Subject":"Your request to access the portal has been submitted","emailMessage/Body":"<p>Your request to access the portal has been submitted to @{outputs('Get_response_details')?['body/r4bc79d62a7ee4d6d866205ca08b0d2d0']}<br>\n<br>\nWe will keep you updated when the request is approved</p>","emailMessage/Importance":"Normal"},"authentication":"@parameters('$authentication')"}},"Initialize_variable":{"runAfter":{"Send_an_email_(V2)":["Succeeded"]},"type":"InitializeVariable","inputs":{"variables":[{"name":"ApproverComments","type":"string"}]}},"Init_ContactId":{"runAfter":{"Initialize_variable":["Succeeded"]},"type":"InitializeVariable","inputs":{"variables":[{"name":"Contact Id","type":"string"}]}},"Start_and_wait_for_an_approval":{"runAfter":{"Init_ContactId":["Succeeded"]},"type":"OpenApiConnectionWebhook","inputs":{"host":{"connectionName":"shared_approvals_1","operationId":"StartAndWaitForAnApproval","apiId":"/providers/Microsoft.PowerApps/apis/shared_approvals"},"parameters":{"approvalType":"Basic","WebhookApprovalCreationInput/title":"Requesting access for Rapid Screening Portal","WebhookApprovalCreationInput/assignedTo":"@{outputs('Get_response_details')?['body/r4bc79d62a7ee4d6d866205ca08b0d2d0']};","WebhookApprovalCreationInput/details":"Following users is requesting access to Rapid Screening Portal\nEmail address - @{outputs('Get_response_details')?['body/rea321a592a7247e1a13a549a96398216']}\nName - @{outputs('Get_response_details')?['body/r083719cef3394778b4fba93ae916d343']} @{outputs('Get_response_details')?['body/r1f921302b6f64d6e8c52e97c5223b843']}\nComments - @{outputs('Get_response_details')?['body/r139a6c1bd55548b8b4d70302b1d746e9']}\n\nTo grant access click on Approve and Submit your approval","WebhookApprovalCreationInput/enableNotifications":true,"WebhookApprovalCreationInput/enableReassignment":true},"authentication":"@parameters('$authentication')"}},"Init_InvitationCode":{"runAfter":{"Start_and_wait_for_an_approval":["Succeeded"]},"type":"InitializeVariable","inputs":{"variables":[{"name":"PortalInvitationCode","type":"string","value":"@{guid()}"}]}},"Init_Portal_Url":{"runAfter":{"Init_InvitationCode":["Succeeded"]},"type":"InitializeVariable","inputs":{"variables":[{"name":"PortalRegisterUrl","type":"string"}]}},"Condition":{"actions":{"Set_Portal_Url":{"runAfter":{},"type":"SetVariable","inputs":{"name":"PortalRegisterUrl","value":"https://rapidscreeningportaldeep.powerappsportals.com/register?invitation=@{variables('PortalInvitationCode')}"}},"List_rows":{"runAfter":{"Set_Portal_Url":["Succeeded"]},"type":"OpenApiConnection","inputs":{"host":{"connectionName":"shared_commondataserviceforapps_1","operationId":"ListRecords","apiId":"/providers/Microsoft.PowerApps/apis/shared_commondataserviceforapps"},"parameters":{"entityName":"contacts","$filter":"emailaddress1 eq '@{outputs('Get_response_details')?['body/rea321a592a7247e1a13a549a96398216']}'"},"authentication":"@parameters('$authentication')"}},"If_Contact_Exists":{"actions":{"Add_a_new_row":{"runAfter":{},"type":"OpenApiConnection","inputs":{"host":{"connectionName":"shared_commondataserviceforapps_1","operationId":"CreateRecord","apiId":"/providers/Microsoft.PowerApps/apis/shared_commondataserviceforapps"},"parameters":{"entityName":"contacts","item/emailaddress1":"@outputs('Get_response_details')?['body/rea321a592a7247e1a13a549a96398216']","item/firstname":"@outputs('Get_response_details')?['body/r083719cef3394778b4fba93ae916d343']","item/lastname":"@outputs('Get_response_details')?['body/r1f921302b6f64d6e8c52e97c5223b843']"},"authentication":"@parameters('$authentication')"}},"Set_variable":{"runAfter":{"Add_a_new_row":["Succeeded"]},"type":"SetVariable","inputs":{"name":"Contact Id","value":"@outputs('Add_a_new_row')?['body/contactid']"}}},"runAfter":{"List_rows":["Succeeded"]},"else":{"actions":{"Set_variable_2":{"runAfter":{},"type":"SetVariable","inputs":{"name":"Contact Id","value":"@{first(outputs('List_rows')?['body/value'])?['contactid']}"}}}},"expression":{"equals":["@length(outputs('List_rows')?['body/value'])",0]},"type":"If"},"Get_Contact":{"runAfter":{"If_Contact_Exists":["Succeeded"]},"type":"OpenApiConnection","inputs":{"host":{"connectionName":"shared_commondataserviceforapps_1","operationId":"GetItem","apiId":"/providers/Microsoft.PowerApps/apis/shared_commondataserviceforapps"},"parameters":{"entityName":"contacts","recordId":"@variables('Contact Id')"},"authentication":"@parameters('$authentication')"}},"List_web_roles":{"runAfter":{"Add_Portal_invitation":["Succeeded"]},"type":"OpenApiConnection","inputs":{"host":{"connectionName":"shared_commondataserviceforapps_1","operationId":"ListRecords","apiId":"/providers/Microsoft.PowerApps/apis/shared_commondataserviceforapps"},"parameters":{"entityName":"adx_webroles","$filter":"adx_name eq 'Approved Visitor Web Role'"},"authentication":"@parameters('$authentication')"}},"Add_Portal_invitation":{"runAfter":{"Get_Contact":["Succeeded"]},"type":"OpenApiConnection","inputs":{"host":{"connectionName":"shared_commondataserviceforapps_1","operationId":"CreateRecord","apiId":"/providers/Microsoft.PowerApps/apis/shared_commondataserviceforapps"},"parameters":{"entityName":"adx_invitations","item/adx_name":"@outputs('Get_Contact')?['body/fullname']","item/adx_type":756150000,"item/adx_invitationcode":"@variables('PortalInvitationCode')","item/adx_inviteContact@odata.bind":"contacts(@{variables('Contact Id')})"},"authentication":"@parameters('$authentication')"}},"Compose":{"runAfter":{"List_web_roles":["Succeeded"]},"type":"Compose","inputs":"@first(outputs('List_web_roles')?['body/value'])?['adx_webroleid']"},"Get_Web_Role_Url":{"runAfter":{"Compose":["Succeeded"]},"type":"Compose","inputs":"@first(outputs('List_web_roles')?['body/value'])?['@odata.id']"},"Relate_rows":{"runAfter":{"Get_Web_Role_Url":["Succeeded"]},"type":"OpenApiConnection","inputs":{"host":{"connectionName":"shared_commondataserviceforapps_1","operationId":"AssociateEntities","apiId":"/providers/Microsoft.PowerApps/apis/shared_commondataserviceforapps"},"parameters":{"entityName":"contacts","recordId":"@outputs('Get_Contact')?['body/contactid']","associationEntityRelationship":"adx_webrole_contact","item/@odata.id":"@outputs('Get_Web_Role_Url')"},"authentication":"@parameters('$authentication')"}},"Send_an_email_(V2)_2":{"runAfter":{"Relate_rows":["Succeeded"]},"type":"OpenApiConnection","inputs":{"host":{"connectionName":"shared_office365_1","operationId":"SendEmailV2","apiId":"/providers/Microsoft.PowerApps/apis/shared_office365"},"parameters":{"emailMessage/To":"@outputs('Get_Contact')?['body/emailaddress1']","emailMessage/Subject":"Your request to access Rapid Screening portal is approved","emailMessage/Body":"<p>Please visit this url to register. &nbsp;<br>\nInvitation Url - @{variables('PortalRegisterUrl')}</p>"},"authentication":"@parameters('$authentication')"}}},"runAfter":{"Init_Portal_Url":["Succeeded"]},"else":{"actions":{"Apply_to_each":{"foreach":"@outputs('Start_and_wait_for_an_approval')?['body/responses']","actions":{"Append_to_string_variable":{"runAfter":{},"type":"AppendToStringVariable","inputs":{"name":"ApproverComments","value":"@items('Apply_to_each')?['comments']"}}},"runAfter":{},"type":"Foreach"},"Send_an_email_(V2)_3":{"runAfter":{"Apply_to_each":["Succeeded"]},"type":"OpenApiConnection","inputs":{"host":{"connectionName":"shared_office365_1","operationId":"SendEmailV2","apiId":"/providers/Microsoft.PowerApps/apis/shared_office365"},"parameters":{"emailMessage/To":"@outputs('Get_response_details')?['body/rea321a592a7247e1a13a549a96398216']","emailMessage/Subject":"Your request to access the portal was denied","emailMessage/Body":"<p>Your request to access the portal was denied by @{outputs('Get_response_details')?['body/r4bc79d62a7ee4d6d866205ca08b0d2d0']}<br>\n<br>\nBelow are comments from the responder - @{variables('ApproverComments')}</p>"},"authentication":"@parameters('$authentication')"}}}},"expression":{"equals":["@outputs('Start_and_wait_for_an_approval')?['body/outcome']","Approve"]},"type":"If"}},"outputs":{}}},"schemaVersion":"1.0.0.0"}