<environmentvariabledefinition schemaname="cdl_SelfScreenMinWaitTime">
  <defaultvalue>1</defaultvalue>
  <description default="Minimum Self Screen Wait time in minutes">
    <label description="Minimum Self Screen Wait time in minutes" languagecode="1033" />
  </description>
  <displayname default="SelfScreen Wait Time In Minutes">
    <label description="SelfScreen Wait Time In Minutes" languagecode="1033" />
  </displayname>
  <introducedversion>1.0.0.116</introducedversion>
  <iscustomizable>1</iscustomizable>
  <isrequired>0</isrequired>
  <type>100000000</type>
</environmentvariabledefinition>