
<entities xmlns:xsd="http://www.w3.org/2001/XMLSchema" xmlns:xsi="http://www.w3.org/2001/XMLSchema-instance" timestamp="2021-03-25T02:47:31.9914185Z">
  <entity name="msft_solutionsetting" displayname="Solution Setting">
    <records>
      <record id="1d0a8b48-3d87-eb11-a812-000d3a09de1c">
        <field name="msft_allowemployeesentiment" value="False" />
        <field name="msft_allowguestattestations" value="True" />
        <field name="msft_allowguestregistrations" value="False" />
        <field name="msft_allowqrcodes" value="True" />
        <field name="msft_allowshareguestregistration" value="False" />
        <field name="msft_allowstoringnegativeattestations" value="False" />
        <field name="msft_companyname" value="Contoso" />
        <field name="createdby" value="850ff859-ab83-eb11-b1ab-000d3a09d317" lookupentity="systemuser" lookupentityname="Contoso Admin" />
        <field name="createdon" value="2021-03-17T16:24:45.0000000Z" />
        <field name="cdl_emailbodyforresultemail" value="Thank you for participating to the Employee Screening Pilot Program. Please be advised that your screening result is now available. Please review the attached document for your result.&#xA;&#xA;CONFIDENTIALITY NOTICE&#xA;The information transmitted in this communication is intended only for the use of the party named and is confidential. If you are not the intended recipient or received this communication by error, please notify the sender and delete the message without copying or disclosing it. Thank you.&#xA;&#xA;Merci de votre participation au programme pilote de d&amp;#233;pistage rapide s’adressant aux employ&amp;#233;s. Veuillez noter que le r&amp;#233;sultat de votre test de d&amp;#233;pistage est maintenant disponible. Veuillez consulter le document ci-joint relativement &amp;#224; votre r&amp;#233;sultat.&#xA;&#xA;AVIS DE CONFIDENTIALIT&amp;#201;&#xA;Ce message est destin&amp;#233; &amp;#224; l&amp;#39;usage exclusif de la partie d&amp;#233;sign&amp;#233;e: son contenu est confidentiel. Si vous n&amp;#39;&amp;#234;tes pas le destinataire ou croyez avoir re&amp;#231;u par erreur ce message, nous vous saurions gr&amp;#233; d&amp;#39;en aviser l&amp;#39;&amp;#233;metteur et d&amp;#39;en d&amp;#233;truire le contenu sans le communiquer &amp;#224; d&amp;#39;autres ou le reproduire. Merci." />
        <field name="msft_generaltermsagreement" value="&amp;lt;html&amp;gt;&#xA;&amp;lt;body&amp;gt;&#xA;&amp;lt;p style=&amp;#39;margin: 0; font-weight: 600;&amp;#39;&amp;gt;1. In the last 72 hours, I have not had any of the following symptoms. Symptoms related&amp;lt;/p&amp;gt;&#xA;&amp;lt;ul style=&amp;#39;font-size: 20;&amp;#39;&amp;gt;&#xA;&amp;lt;li&amp;gt;Fever (100.4F/38C)&amp;lt;/li&amp;gt;&#xA;&amp;lt;li&amp;gt;Excessive Coughing&amp;lt;/li&amp;gt;&#xA;&amp;lt;/ul&amp;gt;&#xA;&amp;lt;p style=&amp;#39;margin: 0;font-weight: 600;&amp;#39;&amp;gt;2. In the last 14 days, I have not knowlingly been within 6 feet...&amp;lt;/p&amp;gt;&#xA;&amp;lt;p style=&amp;#39;font-weight: 600;&amp;#39;&amp;gt;3. I have reviewed and understand Contoso&amp;#39;s processes.&amp;lt;/p&amp;gt;&#xA;&amp;lt;/body&amp;gt;&#xA;&amp;lt;/html&amp;gt;" />
        <field name="msft_healthsafetyemail" value="HR@Contoso.onmicrosoft.com" />
        <field name="msft_healthsafetyinstructions" value="Please contact HR for further help." />
        <field name="cdl_healthandsafetynotfeelingwellinstructions" value="Please stay home and take care of yourself and contact us if you need any support.&#xA;You can contact health authorities if your symptoms worsen." />
        <field name="cdl_hidepersonalemailforemployees" value="True" />
        <field name="cdl_hidephonenumberforemployees" value="False" />
        <field name="crdb7_maskemployeeinfoinpass" value="False" />
        <field name="crdb7_maskemployeeinfoinscreeningapp" value="False" />
        <field name="modifiedby" value="4da2447e-3187-eb11-a812-000d3a09de1c" lookupentity="systemuser" lookupentityname="Ali #" />
        <field name="modifiedon" value="2021-03-25T02:37:23.0000000Z" />
        <field name="msft_name" value="Default" />
        <field name="cdl_optoutofprogrammessage" value="You have not provided your consent to the collection, use and sharing of your personal data.  In order to continue using the Rapid Screening Application please change your Privacy Consent answer to Yes. Otherwise please exit the application." />
        <field name="ownerid" value="850ff859-ab83-eb11-b1ab-000d3a09d317" lookupentity="systemuser" lookupentityname="Contoso Admin" />
        <field name="owningbusinessunit" value="9308f859-ab83-eb11-b1ab-000d3a09d317" lookupentity="businessunit" />
        <field name="owninguser" value="850ff859-ab83-eb11-b1ab-000d3a09d317" lookupentity="systemuser" />
        <field name="cdl_programconsent" value="&amp;lt;html&amp;gt;&#xA;&amp;lt;body&amp;gt;&#xA;&#xA;&amp;lt;p&amp;gt;&amp;lt;b&amp;gt;FORM OF CONSENT&amp;lt;/b&amp;gt;&amp;lt;/p&amp;gt;&#xA;&amp;lt;p&amp;gt;&amp;lt;b&amp;gt;CDL Rapid Screening Consortium Privacy Notice and Consent&amp;lt;/b&amp;gt;&amp;lt;/p&amp;gt;&#xA;&#xA;The CDL Rapid Screening Consortium &amp;lt;b&amp;gt;(“Consortium”)&amp;lt;/b&amp;gt; and its participants together with provincial public health agencies are in the process of developing a system for conducting COVID- 19 screening that can be administered on a cost effective basis and produce rapid results for the purpose of reopening the economy during the COVID-19 pandemic in the absence of widely available vaccines or treatments.&#xA;&amp;lt;p&amp;gt;&#xA;As a participant &amp;lt;b&amp;gt;Contoso&amp;lt;/b&amp;gt; will be operating a screening (the &amp;lt;b&amp;gt;“Site”&amp;lt;/b&amp;gt;) site at one or more of its locations, and will be administering screening to Contoso team members. Your participation in the Site is completely voluntary. If you choose to participate, your personal information will be collected, used and disclosed as set out below.&#xA;&amp;lt;p&amp;gt;&#xA;&#xA;&amp;lt;p&amp;gt;&amp;lt;b&amp;gt;What personal information be collected and used?&amp;lt;/b&amp;gt;&amp;lt;/p&amp;gt;&#xA;&#xA;• &amp;lt;b&amp;gt;Registration Information:&amp;lt;/b&amp;gt; Full name, email address, phone number, age range, check-in time &amp;lt;p&amp;gt;&#xA;&#xA;• &amp;lt;b&amp;gt;Screening Results:&amp;lt;/b&amp;gt; Each time you are screened, screen administrators at your Contoso work location will collect your unique ID (this will be a randomly assigned number at the time of screening, not your HRID), screen date, screen start time, screen type, screen result and screen reporting time. Screening results will be provided to you via email at the email addressed provided upon registration&amp;lt;p&amp;gt;&#xA;&#xA;• &amp;lt;b&amp;gt;PCR Test Data:&amp;lt;/b&amp;gt; If you receive a positive rapid screen result, you will be required to undergo a COVID-19 PCR test and self-report their PCR test data to your People Leader. If you do not take and report the PCR test, you will be deemed to have withdrawn from the program.&amp;lt;p&amp;gt;&#xA;&#xA;&amp;lt;b&amp;gt;With whom will personal information be disclosed?&amp;lt;/b&amp;gt;&#xA;&amp;lt;p&amp;gt;&#xA;&amp;lt;b&amp;gt;Consortium:&amp;lt;/b&amp;gt;&#xA;&amp;lt;p&amp;gt;&#xA;• Certain registration and screening data will be disclosed to the Consortium, including: your role (i.e., team member), age range, screen type, pilot site, screen result, screening date, self-reported PCR test result (if applicable), and a copy of this consent form (note: your name will not be visible to the Consortium). This information will be associated with a unique identifier assigned by Contoso which will enable the Consortium to link your screen results over time, without including your name (“De-identified Data”).&#xA;&amp;lt;p&amp;gt;&#xA;• The De-identified Data will be used by the Consortium to evaluate the effectiveness of the COVID-19 screens, improving the operational performance of COVID-19 screening programs, inform public health authorities on the use of the screens in practice and measure if there is site-specific or general workplace issues with the screening program.&#xA;&amp;lt;p&amp;gt;&#xA;• The Consortium will also use the De-identified Data to provide aggregated statistical reporting to Contoso, and create benchmarking reports and analysis based on De- identified Data obtained from all Consortium members and participating firms to allow participating firms to assess and compare the efficacy of the use of the COVID-19 screens at their workplace.&#xA;&amp;lt;p&amp;gt;&#xA;• The Consortium will retain this information for the duration of the Pilot and will then anonymize the data so that it will not be possible to identify you using that data alone or in combination with other information. Once your data is anonymized, your information will no longer be associated with the unique identifier assigned to you by Contoso&#xA;&amp;lt;p&amp;gt;&#xA;&amp;lt;b&amp;gt;Provincial Public Health Agencies:&amp;lt;/b&amp;gt;&#xA;&amp;lt;p&amp;gt;&#xA;• The Consortium may also share aggregate anonymized data with provincial public health agencies to monitor the efficacy of the COVID-19 screening devices and programs, determine the prevalence of COVID-19, and facilitate safe and responsible employment practices to allow individuals to safely return to work. Provincial public health agencies may also use this data to inform their resource deployment in their combatting of COVID-19 and to assist public health care providers in detecting, preventing and treating COVID-19 infections in their regions.&#xA;&amp;lt;p&amp;gt;&#xA;• Provincial public health agencies may also share this data with Health Canada according to their established protocols and in accordance with provincial legislation. Provincial public health agencies include Ontario Public Health, Alberta Health Services, Public Health New Brunswick, the Health and Welfare Commissioner of Quebec, and other provincial public health agencies, boards, arms-length corporations, and offices.&#xA;&amp;lt;p&amp;gt;&#xA;&amp;lt;b&amp;gt;Participant Firms:&amp;lt;/b&amp;gt;&#xA;&amp;lt;p&amp;gt;&#xA;• The Consortium will share aggregated anonymized data with other participating firms for reporting and analysis purposes.&#xA;&amp;lt;p&amp;gt;&#xA;&amp;lt;b&amp;gt;Consent&amp;lt;/b&amp;gt;&#xA;&amp;lt;p&amp;gt;&#xA;I agree that I have read and understand the CDL Rapid Screening Consortium Privacy Notice and Consent, and agree to the collection, use and disclosure of my personal information, as described above, including the disclosure of my De-identified Data from Contoso to the Consortium. I further understand that I can revoke my consent at any time by opting out through the Booking application.&#xA;&#xA;&amp;lt;/body&amp;gt;&#xA;&amp;lt;/html&amp;gt;" />
        <field name="msft_solutionsettingid" value="1d0a8b48-3d87-eb11-a812-000d3a09de1c" />
        <field name="statecode" value="0" />
        <field name="statuscode" value="1" />
      </record>
      <record id="5bbe24e8-3d87-eb11-a812-000d3a09de1c">
        <field name="msft_allowemployeesentiment" value="False" />
        <field name="msft_allowguestattestations" value="True" />
        <field name="msft_allowguestregistrations" value="False" />
        <field name="msft_allowqrcodes" value="False" />
        <field name="msft_allowshareguestregistration" value="False" />
        <field name="msft_allowstoringnegativeattestations" value="False" />
        <field name="msft_companyname" value="Contoso" />
        <field name="createdby" value="850ff859-ab83-eb11-b1ab-000d3a09d317" lookupentity="systemuser" lookupentityname="Contoso Admin" />
        <field name="createdon" value="2021-03-17T16:29:17.0000000Z" />
        <field name="cdl_emailbodyforresultemail" value="Thank you for participating to the Employee Screening Pilot Program. Please be advised that your screening result is now available. Please review the attached document for your result.&#xA;&#xA;CONFIDENTIALITY NOTICE&#xA;The information transmitted in this communication is intended only for the use of the party named and is confidential. If you are not the intended recipient or received this communication by error, please notify the sender and delete the message without copying or disclosing it. Thank you.&#xA;&#xA;Merci de votre participation au programme pilote de d&amp;#233;pistage rapide s’adressant aux employ&amp;#233;s. Veuillez noter que le r&amp;#233;sultat de votre test de d&amp;#233;pistage est maintenant disponible. Veuillez consulter le document ci-joint relativement &amp;#224; votre r&amp;#233;sultat.&#xA;&#xA;AVIS DE CONFIDENTIALIT&amp;#201;&#xA;Ce message est destin&amp;#233; &amp;#224; l&amp;#39;usage exclusif de la partie d&amp;#233;sign&amp;#233;e: son contenu est confidentiel. Si vous n&amp;#39;&amp;#234;tes pas le destinataire ou croyez avoir re&amp;#231;u par erreur ce message, nous vous saurions gr&amp;#233; d&amp;#39;en aviser l&amp;#39;&amp;#233;metteur et d&amp;#39;en d&amp;#233;truire le contenu sans le communiquer &amp;#224; d&amp;#39;autres ou le reproduire. Merci." />
        <field name="msft_facilitygroupid" value="4833deed-3b87-eb11-a812-000d3a09de1c" lookupentity="msft_facilitygroup" lookupentityname="Ontario" />
        <field name="msft_generaltermsagreement" value="&amp;lt;html&amp;gt;&#xA;&amp;lt;body&amp;gt;&#xA;&amp;lt;p style=&amp;#39;margin: 0; font-weight: 600;&amp;#39;&amp;gt;1. In the last 72 hours, I have not had any of the following symptoms. Symptoms related&amp;lt;/p&amp;gt;&#xA;&amp;lt;ul style=&amp;#39;font-size: 20;&amp;#39;&amp;gt;&#xA;&amp;lt;li&amp;gt;Fever (100.4F/38C)&amp;lt;/li&amp;gt;&#xA;&amp;lt;li&amp;gt;Excessive Coughing&amp;lt;/li&amp;gt;&#xA;&amp;lt;/ul&amp;gt;&#xA;&amp;lt;p style=&amp;#39;margin: 0;font-weight: 600;&amp;#39;&amp;gt;2. In the last 14 days, I have not knowlingly been within 6 feet...&amp;lt;/p&amp;gt;&#xA;&amp;lt;p style=&amp;#39;font-weight: 600;&amp;#39;&amp;gt;3. I have reviewed and understand Contoso&amp;#39;s processes.&amp;lt;/p&amp;gt;&#xA;&amp;lt;/body&amp;gt;&#xA;&amp;lt;/html&amp;gt;" />
        <field name="msft_healthsafetyemail" value="HR@Contoso.onmicrosoft.com" />
        <field name="msft_healthsafetyinstructions" value="Please contact HR for further help." />
        <field name="cdl_healthandsafetynotfeelingwellinstructions" value="Please stay home and take care of yourself and contact us if you need any support.&#xA;You can contact health authorities if your symptoms worsen." />
        <field name="cdl_hidepersonalemailforemployees" value="True" />
        <field name="cdl_hidephonenumberforemployees" value="False" />
        <field name="crdb7_maskemployeeinfoinpass" value="False" />
        <field name="crdb7_maskemployeeinfoinscreeningapp" value="False" />
        <field name="modifiedby" value="850ff859-ab83-eb11-b1ab-000d3a09d317" lookupentity="systemuser" lookupentityname="Contoso Admin" />
        <field name="modifiedon" value="2021-03-24T19:38:02.0000000Z" />
        <field name="msft_name" value="Ontario" />
        <field name="cdl_optoutofprogrammessage" value="You have not provided your consent to the collection, use and sharing of your personal data.  In order to continue using the Rapid Screening Application please change your Privacy Consent answer to Yes. Otherwise please exit the application." />
        <field name="ownerid" value="850ff859-ab83-eb11-b1ab-000d3a09d317" lookupentity="systemuser" lookupentityname="Contoso Admin" />
        <field name="owningbusinessunit" value="9308f859-ab83-eb11-b1ab-000d3a09d317" lookupentity="businessunit" />
        <field name="owninguser" value="850ff859-ab83-eb11-b1ab-000d3a09d317" lookupentity="systemuser" />
        <field name="cdl_programconsent" value="&amp;lt;html&amp;gt;&#xA;&amp;lt;body&amp;gt;&#xA;&#xA;&amp;lt;p&amp;gt;&amp;lt;b&amp;gt;FORM OF CONSENT&amp;lt;/b&amp;gt;&amp;lt;/p&amp;gt;&#xA;&amp;lt;p&amp;gt;&amp;lt;b&amp;gt;CDL Rapid Screening Consortium Privacy Notice and Consent&amp;lt;/b&amp;gt;&amp;lt;/p&amp;gt;&#xA;&#xA;The CDL Rapid Screening Consortium &amp;lt;b&amp;gt;(“Consortium”)&amp;lt;/b&amp;gt; and its participants together with provincial public health agencies are in the process of developing a system for conducting COVID- 19 screening that can be administered on a cost effective basis and produce rapid results for the purpose of reopening the economy during the COVID-19 pandemic in the absence of widely available vaccines or treatments.&#xA;&amp;lt;p&amp;gt;&#xA;As a participant &amp;lt;b&amp;gt;Contoso&amp;lt;/b&amp;gt; will be operating a screening (the &amp;lt;b&amp;gt;“Site”&amp;lt;/b&amp;gt;) site at one or more of its locations, and will be administering screening to Contoso team members. Your participation in the Site is completely voluntary. If you choose to participate, your personal information will be collected, used and disclosed as set out below.&#xA;&amp;lt;p&amp;gt;&#xA;&#xA;&amp;lt;p&amp;gt;&amp;lt;b&amp;gt;What personal information be collected and used?&amp;lt;/b&amp;gt;&amp;lt;/p&amp;gt;&#xA;&#xA;• &amp;lt;b&amp;gt;Registration Information:&amp;lt;/b&amp;gt; Full name, email address, phone number, age range, check-in time &amp;lt;p&amp;gt;&#xA;&#xA;• &amp;lt;b&amp;gt;Screening Results:&amp;lt;/b&amp;gt; Each time you are screened, screen administrators at your Contoso work location will collect your unique ID (this will be a randomly assigned number at the time of screening, not your HRID), screen date, screen start time, screen type, screen result and screen reporting time. Screening results will be provided to you via email at the email addressed provided upon registration&amp;lt;p&amp;gt;&#xA;&#xA;• &amp;lt;b&amp;gt;PCR Test Data:&amp;lt;/b&amp;gt; If you receive a positive rapid screen result, you will be required to undergo a COVID-19 PCR test and self-report their PCR test data to your People Leader. If you do not take and report the PCR test, you will be deemed to have withdrawn from the program.&amp;lt;p&amp;gt;&#xA;&#xA;&amp;lt;b&amp;gt;With whom will personal information be disclosed?&amp;lt;/b&amp;gt;&#xA;&amp;lt;p&amp;gt;&#xA;&amp;lt;b&amp;gt;Consortium:&amp;lt;/b&amp;gt;&#xA;&amp;lt;p&amp;gt;&#xA;• Certain registration and screening data will be disclosed to the Consortium, including: your role (i.e., team member), age range, screen type, pilot site, screen result, screening date, self-reported PCR test result (if applicable), and a copy of this consent form (note: your name will not be visible to the Consortium). This information will be associated with a unique identifier assigned by Contoso which will enable the Consortium to link your screen results over time, without including your name (“De-identified Data”).&#xA;&amp;lt;p&amp;gt;&#xA;• The De-identified Data will be used by the Consortium to evaluate the effectiveness of the COVID-19 screens, improving the operational performance of COVID-19 screening programs, inform public health authorities on the use of the screens in practice and measure if there is site-specific or general workplace issues with the screening program.&#xA;&amp;lt;p&amp;gt;&#xA;• The Consortium will also use the De-identified Data to provide aggregated statistical reporting to Contoso, and create benchmarking reports and analysis based on De- identified Data obtained from all Consortium members and participating firms to allow participating firms to assess and compare the efficacy of the use of the COVID-19 screens at their workplace.&#xA;&amp;lt;p&amp;gt;&#xA;• The Consortium will retain this information for the duration of the Pilot and will then anonymize the data so that it will not be possible to identify you using that data alone or in combination with other information. Once your data is anonymized, your information will no longer be associated with the unique identifier assigned to you by Contoso&#xA;&amp;lt;p&amp;gt;&#xA;&amp;lt;b&amp;gt;Provincial Public Health Agencies:&amp;lt;/b&amp;gt;&#xA;&amp;lt;p&amp;gt;&#xA;• The Consortium may also share aggregate anonymized data with provincial public health agencies to monitor the efficacy of the COVID-19 screening devices and programs, determine the prevalence of COVID-19, and facilitate safe and responsible employment practices to allow individuals to safely return to work. Provincial public health agencies may also use this data to inform their resource deployment in their combatting of COVID-19 and to assist public health care providers in detecting, preventing and treating COVID-19 infections in their regions.&#xA;&amp;lt;p&amp;gt;&#xA;• Provincial public health agencies may also share this data with Health Canada according to their established protocols and in accordance with provincial legislation. Provincial public health agencies include Ontario Public Health, Alberta Health Services, Public Health New Brunswick, the Health and Welfare Commissioner of Quebec, and other provincial public health agencies, boards, arms-length corporations, and offices.&#xA;&amp;lt;p&amp;gt;&#xA;&amp;lt;b&amp;gt;Participant Firms:&amp;lt;/b&amp;gt;&#xA;&amp;lt;p&amp;gt;&#xA;• The Consortium will share aggregated anonymized data with other participating firms for reporting and analysis purposes.&#xA;&amp;lt;p&amp;gt;&#xA;&amp;lt;b&amp;gt;Consent&amp;lt;/b&amp;gt;&#xA;&amp;lt;p&amp;gt;&#xA;I agree that I have read and understand the CDL Rapid Screening Consortium Privacy Notice and Consent, and agree to the collection, use and disclosure of my personal information, as described above, including the disclosure of my De-identified Data from Contoso to the Consortium. I further understand that I can revoke my consent at any time by opting out through the Booking application.&#xA;&#xA;&amp;lt;/body&amp;gt;&#xA;&amp;lt;/html&amp;gt;" />
        <field name="msft_solutionsettingid" value="5bbe24e8-3d87-eb11-a812-000d3a09de1c" />
        <field name="statecode" value="0" />
        <field name="statuscode" value="1" />
      </record>
      <record id="f293824e-3e87-eb11-a812-000d3a09de1c">
        <field name="msft_allowemployeesentiment" value="False" />
        <field name="msft_allowguestattestations" value="True" />
        <field name="msft_allowguestregistrations" value="False" />
        <field name="msft_allowqrcodes" value="True" />
        <field name="msft_allowshareguestregistration" value="False" />
        <field name="msft_allowstoringnegativeattestations" value="False" />
        <field name="msft_companyname" value="Contoso" />
        <field name="createdby" value="850ff859-ab83-eb11-b1ab-000d3a09d317" lookupentity="systemuser" lookupentityname="Contoso Admin" />
        <field name="createdon" value="2021-03-17T16:32:04.0000000Z" />
        <field name="cdl_emailbodyforresultemail" value="FRENCH &#xA;&#xA;Thank you for participating to the Employee Screening Pilot Program. Please be advised that your screening result is now available. Please review the attached document for your result.&#xA;&#xA;CONFIDENTIALITY NOTICE&#xA;The information transmitted in this communication is intended only for the use of the party named and is confidential. If you are not the intended recipient or received this communication by error, please notify the sender and delete the message without copying or disclosing it. Thank you.&#xA;&#xA;Merci de votre participation au programme pilote de d&amp;#233;pistage rapide s’adressant aux employ&amp;#233;s. Veuillez noter que le r&amp;#233;sultat de votre test de d&amp;#233;pistage est maintenant disponible. Veuillez consulter le document ci-joint relativement &amp;#224; votre r&amp;#233;sultat.&#xA;&#xA;AVIS DE CONFIDENTIALIT&amp;#201;&#xA;Ce message est destin&amp;#233; &amp;#224; l&amp;#39;usage exclusif de la partie d&amp;#233;sign&amp;#233;e: son contenu est confidentiel. Si vous n&amp;#39;&amp;#234;tes pas le destinataire ou croyez avoir re&amp;#231;u par erreur ce message, nous vous saurions gr&amp;#233; d&amp;#39;en aviser l&amp;#39;&amp;#233;metteur et d&amp;#39;en d&amp;#233;truire le contenu sans le communiquer &amp;#224; d&amp;#39;autres ou le reproduire. Merci." />
        <field name="msft_facilitygroupid" value="4443da0e-3c87-eb11-a812-000d3a09de1c" lookupentity="msft_facilitygroup" lookupentityname="Quebec" />
        <field name="msft_generaltermsagreement" value="FRENCH&#xA;&#xA;&amp;lt;html&amp;gt;&#xA;&amp;lt;body&amp;gt;&#xA;&amp;lt;p style=&amp;#39;margin: 0; font-weight: 600;&amp;#39;&amp;gt;1. In the last 72 hours, I have not had any of the following symptoms. Symptoms related&amp;lt;/p&amp;gt;&#xA;&amp;lt;ul style=&amp;#39;font-size: 20;&amp;#39;&amp;gt;&#xA;&amp;lt;li&amp;gt;Fever (100.4F/38C)&amp;lt;/li&amp;gt;&#xA;&amp;lt;li&amp;gt;Excessive Coughing&amp;lt;/li&amp;gt;&#xA;&amp;lt;/ul&amp;gt;&#xA;&amp;lt;p style=&amp;#39;margin: 0;font-weight: 600;&amp;#39;&amp;gt;2. In the last 14 days, I have not knowlingly been within 6 feet...&amp;lt;/p&amp;gt;&#xA;&amp;lt;p style=&amp;#39;font-weight: 600;&amp;#39;&amp;gt;3. I have reviewed and understand Contoso&amp;#39;s processes.&amp;lt;/p&amp;gt;&#xA;&amp;lt;/body&amp;gt;&#xA;&amp;lt;/html&amp;gt;" />
        <field name="msft_healthsafetyemail" value="HR@Contoso.onmicrosoft.com" />
        <field name="msft_healthsafetyinstructions" value="FRENCH&#xA;&#xA;Please contact HR for further help." />
        <field name="cdl_healthandsafetynotfeelingwellinstructions" value="FRENCH&#xA;&#xA;Please stay home and take care of yourself and contact us if you need any support.&#xA;You can contact health authorities if your symptoms worsen." />
        <field name="cdl_hidepersonalemailforemployees" value="False" />
        <field name="cdl_hidephonenumberforemployees" value="False" />
        <field name="crdb7_maskemployeeinfoinpass" value="False" />
        <field name="crdb7_maskemployeeinfoinscreeningapp" value="False" />
        <field name="modifiedby" value="4da2447e-3187-eb11-a812-000d3a09de1c" lookupentity="systemuser" lookupentityname="Ali #" />
        <field name="modifiedon" value="2021-03-25T02:37:13.0000000Z" />
        <field name="msft_name" value="Quebec" />
        <field name="cdl_optoutofprogrammessage" value="FRENCH &#xA;&#xA;You have not provided your consent to the collection, use and sharing of your personal data.  In order to continue using the Rapid Screening Application please change your Privacy Consent answer to Yes. Otherwise please exit the application." />
        <field name="ownerid" value="850ff859-ab83-eb11-b1ab-000d3a09d317" lookupentity="systemuser" lookupentityname="Contoso Admin" />
        <field name="owningbusinessunit" value="9308f859-ab83-eb11-b1ab-000d3a09d317" lookupentity="businessunit" />
        <field name="owninguser" value="850ff859-ab83-eb11-b1ab-000d3a09d317" lookupentity="systemuser" />
        <field name="cdl_programconsent" value="French&#xA;&amp;lt;html&amp;gt;&#xA;&amp;lt;body&amp;gt;&#xA;&#xA;&amp;lt;p&amp;gt;&amp;lt;b&amp;gt;FORM OF CONSENT&amp;lt;/b&amp;gt;&amp;lt;/p&amp;gt;&#xA;&amp;lt;p&amp;gt;&amp;lt;b&amp;gt;CDL Rapid Screening Consortium Privacy Notice and Consent&amp;lt;/b&amp;gt;&amp;lt;/p&amp;gt;&#xA;&#xA;The CDL Rapid Screening Consortium &amp;lt;b&amp;gt;(“Consortium”)&amp;lt;/b&amp;gt; and its participants together with provincial public health agencies are in the process of developing a system for conducting COVID- 19 screening that can be administered on a cost effective basis and produce rapid results for the purpose of reopening the economy during the COVID-19 pandemic in the absence of widely available vaccines or treatments.&#xA;&amp;lt;p&amp;gt;&#xA;As a participant &amp;lt;b&amp;gt;Contoso&amp;lt;/b&amp;gt; will be operating a screening (the &amp;lt;b&amp;gt;“Site”&amp;lt;/b&amp;gt;) site at one or more of its locations, and will be administering screening to Contoso team members. Your participation in the Site is completely voluntary. If you choose to participate, your personal information will be collected, used and disclosed as set out below.&#xA;&amp;lt;p&amp;gt;&#xA;&#xA;&amp;lt;p&amp;gt;&amp;lt;b&amp;gt;What personal information be collected and used?&amp;lt;/b&amp;gt;&amp;lt;/p&amp;gt;&#xA;&#xA;• &amp;lt;b&amp;gt;Registration Information:&amp;lt;/b&amp;gt; Full name, email address, phone number, age range, check-in time &amp;lt;p&amp;gt;&#xA;&#xA;• &amp;lt;b&amp;gt;Screening Results:&amp;lt;/b&amp;gt; Each time you are screened, screen administrators at your Contoso work location will collect your unique ID (this will be a randomly assigned number at the time of screening, not your HRID), screen date, screen start time, screen type, screen result and screen reporting time. Screening results will be provided to you via email at the email addressed provided upon registration&amp;lt;p&amp;gt;&#xA;&#xA;• &amp;lt;b&amp;gt;PCR Test Data:&amp;lt;/b&amp;gt; If you receive a positive rapid screen result, you will be required to undergo a COVID-19 PCR test and self-report their PCR test data to your People Leader. If you do not take and report the PCR test, you will be deemed to have withdrawn from the program.&amp;lt;p&amp;gt;&#xA;&#xA;&amp;lt;b&amp;gt;With whom will personal information be disclosed?&amp;lt;/b&amp;gt;&#xA;&amp;lt;p&amp;gt;&#xA;&amp;lt;b&amp;gt;Consortium:&amp;lt;/b&amp;gt;&#xA;&amp;lt;p&amp;gt;&#xA;• Certain registration and screening data will be disclosed to the Consortium, including: your role (i.e., team member), age range, screen type, pilot site, screen result, screening date, self-reported PCR test result (if applicable), and a copy of this consent form (note: your name will not be visible to the Consortium). This information will be associated with a unique identifier assigned by Contoso which will enable the Consortium to link your screen results over time, without including your name (“De-identified Data”).&#xA;&amp;lt;p&amp;gt;&#xA;• The De-identified Data will be used by the Consortium to evaluate the effectiveness of the COVID-19 screens, improving the operational performance of COVID-19 screening programs, inform public health authorities on the use of the screens in practice and measure if there is site-specific or general workplace issues with the screening program.&#xA;&amp;lt;p&amp;gt;&#xA;• The Consortium will also use the De-identified Data to provide aggregated statistical reporting to Contoso, and create benchmarking reports and analysis based on De- identified Data obtained from all Consortium members and participating firms to allow participating firms to assess and compare the efficacy of the use of the COVID-19 screens at their workplace.&#xA;&amp;lt;p&amp;gt;&#xA;• The Consortium will retain this information for the duration of the Pilot and will then anonymize the data so that it will not be possible to identify you using that data alone or in combination with other information. Once your data is anonymized, your information will no longer be associated with the unique identifier assigned to you by Contoso&#xA;&amp;lt;p&amp;gt;&#xA;&amp;lt;b&amp;gt;Provincial Public Health Agencies:&amp;lt;/b&amp;gt;&#xA;&amp;lt;p&amp;gt;&#xA;• The Consortium may also share aggregate anonymized data with provincial public health agencies to monitor the efficacy of the COVID-19 screening devices and programs, determine the prevalence of COVID-19, and facilitate safe and responsible employment practices to allow individuals to safely return to work. Provincial public health agencies may also use this data to inform their resource deployment in their combatting of COVID-19 and to assist public health care providers in detecting, preventing and treating COVID-19 infections in their regions.&#xA;&amp;lt;p&amp;gt;&#xA;• Provincial public health agencies may also share this data with Health Canada according to their established protocols and in accordance with provincial legislation. Provincial public health agencies include Ontario Public Health, Alberta Health Services, Public Health New Brunswick, the Health and Welfare Commissioner of Quebec, and other provincial public health agencies, boards, arms-length corporations, and offices.&#xA;&amp;lt;p&amp;gt;&#xA;&amp;lt;b&amp;gt;Participant Firms:&amp;lt;/b&amp;gt;&#xA;&amp;lt;p&amp;gt;&#xA;• The Consortium will share aggregated anonymized data with other participating firms for reporting and analysis purposes.&#xA;&amp;lt;p&amp;gt;&#xA;&amp;lt;b&amp;gt;Consent&amp;lt;/b&amp;gt;&#xA;&amp;lt;p&amp;gt;&#xA;I agree that I have read and understand the CDL Rapid Screening Consortium Privacy Notice and Consent, and agree to the collection, use and disclosure of my personal information, as described above, including the disclosure of my De-identified Data from Contoso to the Consortium. I further understand that I can revoke my consent at any time by opting out through the Booking application.&#xA;&#xA;&amp;lt;/body&amp;gt;&#xA;&amp;lt;/html&amp;gt;" />
        <field name="msft_solutionsettingid" value="f293824e-3e87-eb11-a812-000d3a09de1c" />
        <field name="statecode" value="0" />
        <field name="statuscode" value="1" />
      </record>
    </records>
    <m2mrelationships />
  </entity>
  <entity name="msft_facilitygroup" displayname="Facility Group">
    <records>
      <record id="74ce54da-3b87-eb11-a812-000d3a09de1c">
        <field name="createdby" value="850ff859-ab83-eb11-b1ab-000d3a09d317" lookupentity="systemuser" lookupentityname="Contoso Admin" />
        <field name="createdon" value="2021-03-17T16:14:31.0000000Z" />
        <field name="msft_description" value="North America" />
        <field name="msft_facilitygroupid" value="74ce54da-3b87-eb11-a812-000d3a09de1c" />
        <field name="modifiedby" value="850ff859-ab83-eb11-b1ab-000d3a09d317" lookupentity="systemuser" lookupentityname="Contoso Admin" />
        <field name="modifiedon" value="2021-03-17T16:14:31.0000000Z" />
        <field name="msft_name" value="NorAm" />
        <field name="ownerid" value="850ff859-ab83-eb11-b1ab-000d3a09d317" lookupentity="systemuser" lookupentityname="Contoso Admin" />
        <field name="owningbusinessunit" value="9308f859-ab83-eb11-b1ab-000d3a09d317" lookupentity="businessunit" />
        <field name="owninguser" value="850ff859-ab83-eb11-b1ab-000d3a09d317" lookupentity="systemuser" />
        <field name="statecode" value="0" />
        <field name="statuscode" value="1" />
      </record>
      <record id="4e9b67e5-3b87-eb11-a812-000d3a09de1c">
        <field name="createdby" value="850ff859-ab83-eb11-b1ab-000d3a09d317" lookupentity="systemuser" lookupentityname="Contoso Admin" />
        <field name="createdon" value="2021-03-17T16:14:49.0000000Z" />
        <field name="msft_description" value="Canada" />
        <field name="msft_facilitygroupid" value="4e9b67e5-3b87-eb11-a812-000d3a09de1c" />
        <field name="modifiedby" value="850ff859-ab83-eb11-b1ab-000d3a09d317" lookupentity="systemuser" lookupentityname="Contoso Admin" />
        <field name="modifiedon" value="2021-03-17T16:14:49.0000000Z" />
        <field name="msft_name" value="Canada" />
        <field name="ownerid" value="850ff859-ab83-eb11-b1ab-000d3a09d317" lookupentity="systemuser" lookupentityname="Contoso Admin" />
        <field name="owningbusinessunit" value="9308f859-ab83-eb11-b1ab-000d3a09d317" lookupentity="businessunit" />
        <field name="owninguser" value="850ff859-ab83-eb11-b1ab-000d3a09d317" lookupentity="systemuser" />
        <field name="msft_parentfacilitygroupid" value="74ce54da-3b87-eb11-a812-000d3a09de1c" lookupentity="msft_facilitygroup" lookupentityname="NorAm" />
        <field name="statecode" value="0" />
        <field name="statuscode" value="1" />
      </record>
      <record id="4833deed-3b87-eb11-a812-000d3a09de1c">
        <field name="createdby" value="850ff859-ab83-eb11-b1ab-000d3a09d317" lookupentity="systemuser" lookupentityname="Contoso Admin" />
        <field name="createdon" value="2021-03-17T16:15:03.0000000Z" />
        <field name="msft_description" value="Ontario" />
        <field name="msft_facilitygroupid" value="4833deed-3b87-eb11-a812-000d3a09de1c" />
        <field name="modifiedby" value="850ff859-ab83-eb11-b1ab-000d3a09d317" lookupentity="systemuser" lookupentityname="Contoso Admin" />
        <field name="modifiedon" value="2021-03-17T16:15:03.0000000Z" />
        <field name="msft_name" value="Ontario" />
        <field name="ownerid" value="850ff859-ab83-eb11-b1ab-000d3a09d317" lookupentity="systemuser" lookupentityname="Contoso Admin" />
        <field name="owningbusinessunit" value="9308f859-ab83-eb11-b1ab-000d3a09d317" lookupentity="businessunit" />
        <field name="owninguser" value="850ff859-ab83-eb11-b1ab-000d3a09d317" lookupentity="systemuser" />
        <field name="msft_parentfacilitygroupid" value="4e9b67e5-3b87-eb11-a812-000d3a09de1c" lookupentity="msft_facilitygroup" lookupentityname="Canada" />
        <field name="statecode" value="0" />
        <field name="statuscode" value="1" />
      </record>
      <record id="16386af8-3b87-eb11-a812-000d3a09de1c">
        <field name="createdby" value="850ff859-ab83-eb11-b1ab-000d3a09d317" lookupentity="systemuser" lookupentityname="Contoso Admin" />
        <field name="createdon" value="2021-03-17T16:15:21.0000000Z" />
        <field name="msft_description" value="Alberta" />
        <field name="msft_facilitygroupid" value="16386af8-3b87-eb11-a812-000d3a09de1c" />
        <field name="modifiedby" value="850ff859-ab83-eb11-b1ab-000d3a09d317" lookupentity="systemuser" lookupentityname="Contoso Admin" />
        <field name="modifiedon" value="2021-03-17T16:15:21.0000000Z" />
        <field name="msft_name" value="Alberta" />
        <field name="ownerid" value="850ff859-ab83-eb11-b1ab-000d3a09d317" lookupentity="systemuser" lookupentityname="Contoso Admin" />
        <field name="owningbusinessunit" value="9308f859-ab83-eb11-b1ab-000d3a09d317" lookupentity="businessunit" />
        <field name="owninguser" value="850ff859-ab83-eb11-b1ab-000d3a09d317" lookupentity="systemuser" />
        <field name="msft_parentfacilitygroupid" value="4e9b67e5-3b87-eb11-a812-000d3a09de1c" lookupentity="msft_facilitygroup" lookupentityname="Canada" />
        <field name="statecode" value="0" />
        <field name="statuscode" value="1" />
      </record>
      <record id="66bd8500-3c87-eb11-a812-000d3a09de1c">
        <field name="createdby" value="850ff859-ab83-eb11-b1ab-000d3a09d317" lookupentity="systemuser" lookupentityname="Contoso Admin" />
        <field name="createdon" value="2021-03-17T16:15:43.0000000Z" />
        <field name="msft_description" value="British Colombia" />
        <field name="msft_facilitygroupid" value="66bd8500-3c87-eb11-a812-000d3a09de1c" />
        <field name="modifiedby" value="850ff859-ab83-eb11-b1ab-000d3a09d317" lookupentity="systemuser" lookupentityname="Contoso Admin" />
        <field name="modifiedon" value="2021-03-17T16:15:43.0000000Z" />
        <field name="msft_name" value="British Colombia" />
        <field name="ownerid" value="850ff859-ab83-eb11-b1ab-000d3a09d317" lookupentity="systemuser" lookupentityname="Contoso Admin" />
        <field name="owningbusinessunit" value="9308f859-ab83-eb11-b1ab-000d3a09d317" lookupentity="businessunit" />
        <field name="owninguser" value="850ff859-ab83-eb11-b1ab-000d3a09d317" lookupentity="systemuser" />
        <field name="msft_parentfacilitygroupid" value="4e9b67e5-3b87-eb11-a812-000d3a09de1c" lookupentity="msft_facilitygroup" lookupentityname="Canada" />
        <field name="statecode" value="0" />
        <field name="statuscode" value="1" />
      </record>
      <record id="4443da0e-3c87-eb11-a812-000d3a09de1c">
        <field name="createdby" value="850ff859-ab83-eb11-b1ab-000d3a09d317" lookupentity="systemuser" lookupentityname="Contoso Admin" />
        <field name="createdon" value="2021-03-17T16:15:59.0000000Z" />
        <field name="msft_description" value="Quebec" />
        <field name="msft_facilitygroupid" value="4443da0e-3c87-eb11-a812-000d3a09de1c" />
        <field name="modifiedby" value="850ff859-ab83-eb11-b1ab-000d3a09d317" lookupentity="systemuser" lookupentityname="Contoso Admin" />
        <field name="modifiedon" value="2021-03-17T16:15:59.0000000Z" />
        <field name="msft_name" value="Quebec" />
        <field name="ownerid" value="850ff859-ab83-eb11-b1ab-000d3a09d317" lookupentity="systemuser" lookupentityname="Contoso Admin" />
        <field name="owningbusinessunit" value="9308f859-ab83-eb11-b1ab-000d3a09d317" lookupentity="businessunit" />
        <field name="owninguser" value="850ff859-ab83-eb11-b1ab-000d3a09d317" lookupentity="systemuser" />
        <field name="msft_parentfacilitygroupid" value="4e9b67e5-3b87-eb11-a812-000d3a09de1c" lookupentity="msft_facilitygroup" lookupentityname="Canada" />
        <field name="statecode" value="0" />
        <field name="statuscode" value="1" />
      </record>
    </records>
    <m2mrelationships />
  </entity>
  <entity name="msft_country" displayname="Country">
    <records>
      <record id="56613f9d-3b87-eb11-a812-000d3a09de1c">
        <field name="msft_countryid" value="56613f9d-3b87-eb11-a812-000d3a09de1c" />
        <field name="createdby" value="850ff859-ab83-eb11-b1ab-000d3a09d317" lookupentity="systemuser" lookupentityname="Contoso Admin" />
        <field name="createdon" value="2021-03-17T16:12:48.0000000Z" />
        <field name="msft_isoshortcode" value="CA" />
        <field name="modifiedby" value="850ff859-ab83-eb11-b1ab-000d3a09d317" lookupentity="systemuser" lookupentityname="Contoso Admin" />
        <field name="modifiedon" value="2021-03-17T16:12:48.0000000Z" />
        <field name="msft_name" value="Canada" />
        <field name="ownerid" value="850ff859-ab83-eb11-b1ab-000d3a09d317" lookupentity="systemuser" lookupentityname="Contoso Admin" />
        <field name="owningbusinessunit" value="9308f859-ab83-eb11-b1ab-000d3a09d317" lookupentity="businessunit" />
        <field name="owninguser" value="850ff859-ab83-eb11-b1ab-000d3a09d317" lookupentity="systemuser" />
        <field name="statecode" value="0" />
        <field name="statuscode" value="1" />
      </record>
    </records>
    <m2mrelationships />
  </entity>
  <entity name="msft_states" displayname="State/Province">
    <records>
      <record id="9e3455a5-3b87-eb11-a812-000d3a09de1c">
        <field name="msft_countryid" value="56613f9d-3b87-eb11-a812-000d3a09de1c" lookupentity="msft_country" lookupentityname="Canada" />
        <field name="createdby" value="850ff859-ab83-eb11-b1ab-000d3a09d317" lookupentity="systemuser" lookupentityname="Contoso Admin" />
        <field name="createdon" value="2021-03-17T16:13:02.0000000Z" />
        <field name="modifiedby" value="850ff859-ab83-eb11-b1ab-000d3a09d317" lookupentity="systemuser" lookupentityname="Contoso Admin" />
        <field name="modifiedon" value="2021-03-17T16:13:02.0000000Z" />
        <field name="msft_name" value="Ontario" />
        <field name="ownerid" value="850ff859-ab83-eb11-b1ab-000d3a09d317" lookupentity="systemuser" lookupentityname="Contoso Admin" />
        <field name="owningbusinessunit" value="9308f859-ab83-eb11-b1ab-000d3a09d317" lookupentity="businessunit" />
        <field name="owninguser" value="850ff859-ab83-eb11-b1ab-000d3a09d317" lookupentity="systemuser" />
        <field name="msft_statecode" value="ON" />
        <field name="msft_statesid" value="9e3455a5-3b87-eb11-a812-000d3a09de1c" />
        <field name="statecode" value="0" />
        <field name="statuscode" value="1" />
      </record>
      <record id="afd7b9af-3b87-eb11-a812-000d3a09de1c">
        <field name="msft_countryid" value="56613f9d-3b87-eb11-a812-000d3a09de1c" lookupentity="msft_country" lookupentityname="Canada" />
        <field name="createdby" value="850ff859-ab83-eb11-b1ab-000d3a09d317" lookupentity="systemuser" lookupentityname="Contoso Admin" />
        <field name="createdon" value="2021-03-17T16:13:19.0000000Z" />
        <field name="modifiedby" value="850ff859-ab83-eb11-b1ab-000d3a09d317" lookupentity="systemuser" lookupentityname="Contoso Admin" />
        <field name="modifiedon" value="2021-03-17T16:13:19.0000000Z" />
        <field name="msft_name" value="Quebec" />
        <field name="ownerid" value="850ff859-ab83-eb11-b1ab-000d3a09d317" lookupentity="systemuser" lookupentityname="Contoso Admin" />
        <field name="owningbusinessunit" value="9308f859-ab83-eb11-b1ab-000d3a09d317" lookupentity="businessunit" />
        <field name="owninguser" value="850ff859-ab83-eb11-b1ab-000d3a09d317" lookupentity="systemuser" />
        <field name="msft_statecode" value="QC" />
        <field name="msft_statesid" value="afd7b9af-3b87-eb11-a812-000d3a09de1c" />
        <field name="statecode" value="0" />
        <field name="statuscode" value="1" />
      </record>
      <record id="495e69ba-3b87-eb11-a812-000d3a09de1c">
        <field name="msft_countryid" value="56613f9d-3b87-eb11-a812-000d3a09de1c" lookupentity="msft_country" lookupentityname="Canada" />
        <field name="createdby" value="850ff859-ab83-eb11-b1ab-000d3a09d317" lookupentity="systemuser" lookupentityname="Contoso Admin" />
        <field name="createdon" value="2021-03-17T16:13:37.0000000Z" />
        <field name="modifiedby" value="850ff859-ab83-eb11-b1ab-000d3a09d317" lookupentity="systemuser" lookupentityname="Contoso Admin" />
        <field name="modifiedon" value="2021-03-17T16:13:37.0000000Z" />
        <field name="msft_name" value="British Colombia" />
        <field name="ownerid" value="850ff859-ab83-eb11-b1ab-000d3a09d317" lookupentity="systemuser" lookupentityname="Contoso Admin" />
        <field name="owningbusinessunit" value="9308f859-ab83-eb11-b1ab-000d3a09d317" lookupentity="businessunit" />
        <field name="owninguser" value="850ff859-ab83-eb11-b1ab-000d3a09d317" lookupentity="systemuser" />
        <field name="msft_statecode" value="BC" />
        <field name="msft_statesid" value="495e69ba-3b87-eb11-a812-000d3a09de1c" />
        <field name="statecode" value="0" />
        <field name="statuscode" value="1" />
      </record>
      <record id="83f237c2-3b87-eb11-a812-000d3a09de1c">
        <field name="msft_countryid" value="56613f9d-3b87-eb11-a812-000d3a09de1c" lookupentity="msft_country" lookupentityname="Canada" />
        <field name="createdby" value="850ff859-ab83-eb11-b1ab-000d3a09d317" lookupentity="systemuser" lookupentityname="Contoso Admin" />
        <field name="createdon" value="2021-03-17T16:13:50.0000000Z" />
        <field name="modifiedby" value="850ff859-ab83-eb11-b1ab-000d3a09d317" lookupentity="systemuser" lookupentityname="Contoso Admin" />
        <field name="modifiedon" value="2021-03-17T16:13:50.0000000Z" />
        <field name="msft_name" value="Alberta" />
        <field name="ownerid" value="850ff859-ab83-eb11-b1ab-000d3a09d317" lookupentity="systemuser" lookupentityname="Contoso Admin" />
        <field name="owningbusinessunit" value="9308f859-ab83-eb11-b1ab-000d3a09d317" lookupentity="businessunit" />
        <field name="owninguser" value="850ff859-ab83-eb11-b1ab-000d3a09d317" lookupentity="systemuser" />
        <field name="msft_statecode" value="AB" />
        <field name="msft_statesid" value="83f237c2-3b87-eb11-a812-000d3a09de1c" />
        <field name="statecode" value="0" />
        <field name="statuscode" value="1" />
      </record>
    </records>
    <m2mrelationships />
  </entity>
  <entity name="msft_facilitytype" displayname="Facility Type">
    <records>
      <record id="59628ecc-3b87-eb11-a812-000d3a09de1c">
        <field name="createdby" value="850ff859-ab83-eb11-b1ab-000d3a09d317" lookupentity="systemuser" lookupentityname="Contoso Admin" />
        <field name="createdon" value="2021-03-17T16:14:08.0000000Z" />
        <field name="msft_description" value="Screening Sites" />
        <field name="msft_facilitytypeid" value="59628ecc-3b87-eb11-a812-000d3a09de1c" />
        <field name="modifiedby" value="850ff859-ab83-eb11-b1ab-000d3a09d317" lookupentity="systemuser" lookupentityname="Contoso Admin" />
        <field name="modifiedon" value="2021-03-17T16:14:08.0000000Z" />
        <field name="ownerid" value="850ff859-ab83-eb11-b1ab-000d3a09d317" lookupentity="systemuser" lookupentityname="Contoso Admin" />
        <field name="owningbusinessunit" value="9308f859-ab83-eb11-b1ab-000d3a09d317" lookupentity="businessunit" />
        <field name="owninguser" value="850ff859-ab83-eb11-b1ab-000d3a09d317" lookupentity="systemuser" />
        <field name="statecode" value="0" />
        <field name="statuscode" value="1" />
        <field name="msft_type" value="Screening Sites" />
      </record>
    </records>
    <m2mrelationships />
  </entity>
  <entity name="msft_reopenphase" displayname="Reopen Phase">
    <records>
      <record id="20c3472e-3c87-eb11-a812-000d3a09de1c">
        <field name="msft_capacitylimitpercentage" value="100.0000000000" />
        <field name="createdby" value="850ff859-ab83-eb11-b1ab-000d3a09d317" lookupentity="systemuser" lookupentityname="Contoso Admin" />
        <field name="createdon" value="2021-03-17T16:16:57.0000000Z" />
        <field name="msft_phaseindex" value="4" />
        <field name="modifiedby" value="850ff859-ab83-eb11-b1ab-000d3a09d317" lookupentity="systemuser" lookupentityname="Contoso Admin" />
        <field name="modifiedon" value="2021-03-17T16:16:57.0000000Z" />
        <field name="msft_name" value="Phase 4" />
        <field name="ownerid" value="850ff859-ab83-eb11-b1ab-000d3a09d317" lookupentity="systemuser" lookupentityname="Contoso Admin" />
        <field name="owningbusinessunit" value="9308f859-ab83-eb11-b1ab-000d3a09d317" lookupentity="businessunit" />
        <field name="owninguser" value="850ff859-ab83-eb11-b1ab-000d3a09d317" lookupentity="systemuser" />
        <field name="msft_processstageid" value="3a4e0194-c58d-4121-acd6-7eb3b6d8176f" lookupentity="processstage" lookupentityname="4 - New Normal" />
        <field name="msft_reopenphaseid" value="20c3472e-3c87-eb11-a812-000d3a09de1c" />
        <field name="statecode" value="0" />
        <field name="statuscode" value="1" />
      </record>
    </records>
    <m2mrelationships />
  </entity>
  <entity name="cdl_screeningtype" displayname="Screening Type">
    <records>
      <record id="ba4f6239-3c87-eb11-a812-000d3a09de1c">
        <field name="createdby" value="850ff859-ab83-eb11-b1ab-000d3a09d317" lookupentity="systemuser" lookupentityname="Contoso Admin" />
        <field name="createdon" value="2021-03-17T16:17:19.0000000Z" />
        <field name="cdl_facility" value="e3b67bad-7f7d-4ebd-859a-f93c3c233833" lookupentity="msft_facility" lookupentityname="Toronto Branch" />
        <field name="modifiedby" value="850ff859-ab83-eb11-b1ab-000d3a09d317" lookupentity="systemuser" lookupentityname="Contoso Admin" />
        <field name="modifiedon" value="2021-03-17T16:17:19.0000000Z" />
        <field name="ownerid" value="850ff859-ab83-eb11-b1ab-000d3a09d317" lookupentity="systemuser" lookupentityname="Contoso Admin" />
        <field name="owningbusinessunit" value="9308f859-ab83-eb11-b1ab-000d3a09d317" lookupentity="businessunit" />
        <field name="owninguser" value="850ff859-ab83-eb11-b1ab-000d3a09d317" lookupentity="systemuser" />
        <field name="cdl_screeningtypeid" value="ba4f6239-3c87-eb11-a812-000d3a09de1c" />
        <field name="cdl_screeningtypename" value="1000" />
        <field name="statecode" value="0" />
        <field name="statuscode" value="1" />
        <field name="cdl_typeid" value="1000" />
        <field name="cdl_typeofscreening" value="[-1,754410000,754410001,-1]" />
      </record>
      <record id="105f1ba9-3c87-eb11-a812-000d3a09de1c">
        <field name="createdby" value="850ff859-ab83-eb11-b1ab-000d3a09d317" lookupentity="systemuser" lookupentityname="Contoso Admin" />
        <field name="createdon" value="2021-03-17T16:20:18.0000000Z" />
        <field name="cdl_facility" value="a9f494df-b91b-43dc-b684-11381e3d963f" lookupentity="msft_facility" lookupentityname="Quebec Branch" />
        <field name="modifiedby" value="850ff859-ab83-eb11-b1ab-000d3a09d317" lookupentity="systemuser" lookupentityname="Contoso Admin" />
        <field name="modifiedon" value="2021-03-17T16:20:18.0000000Z" />
        <field name="ownerid" value="850ff859-ab83-eb11-b1ab-000d3a09d317" lookupentity="systemuser" lookupentityname="Contoso Admin" />
        <field name="owningbusinessunit" value="9308f859-ab83-eb11-b1ab-000d3a09d317" lookupentity="businessunit" />
        <field name="owninguser" value="850ff859-ab83-eb11-b1ab-000d3a09d317" lookupentity="systemuser" />
        <field name="cdl_screeningtypeid" value="105f1ba9-3c87-eb11-a812-000d3a09de1c" />
        <field name="cdl_screeningtypename" value="1001" />
        <field name="statecode" value="0" />
        <field name="statuscode" value="1" />
        <field name="cdl_typeid" value="1001" />
        <field name="cdl_typeofscreening" value="[-1,754410000,-1]" />
      </record>
    </records>
    <m2mrelationships />
  </entity>
  <entity name="cdl_emailtemplates" displayname="EmailTemplates">
    <records>
      <record id="2595bfa3-2188-eb11-a812-000d3a09de1c">
        <field name="createdby" value="850ff859-ab83-eb11-b1ab-000d3a09d317" lookupentity="systemuser" lookupentityname="Contoso Admin" />
        <field name="createdon" value="2021-03-18T19:39:27.0000000Z" />
        <field name="cdl_name" value="1000" />
        <field name="cdl_documenttype" value="754410000" />
        <field name="cdl_emailtemplatesid" value="2595bfa3-2188-eb11-a812-000d3a09de1c" />
        <field name="modifiedby" value="850ff859-ab83-eb11-b1ab-000d3a09d317" lookupentity="systemuser" lookupentityname="Contoso Admin" />
        <field name="modifiedon" value="2021-03-18T19:43:30.0000000Z" />
        <field name="ownerid" value="850ff859-ab83-eb11-b1ab-000d3a09d317" lookupentity="systemuser" lookupentityname="Contoso Admin" />
        <field name="owningbusinessunit" value="9308f859-ab83-eb11-b1ab-000d3a09d317" lookupentity="businessunit" />
        <field name="owninguser" value="850ff859-ab83-eb11-b1ab-000d3a09d317" lookupentity="systemuser" />
        <field name="statecode" value="0" />
        <field name="statuscode" value="1" />
      </record>
      <record id="8523c1aa-2188-eb11-a812-000d3a09de1c">
        <field name="createdby" value="850ff859-ab83-eb11-b1ab-000d3a09d317" lookupentity="systemuser" lookupentityname="Contoso Admin" />
        <field name="createdon" value="2021-03-18T19:39:35.0000000Z" />
        <field name="cdl_name" value="1001" />
        <field name="cdl_documenttype" value="754410001" />
        <field name="cdl_emailtemplatesid" value="8523c1aa-2188-eb11-a812-000d3a09de1c" />
        <field name="modifiedby" value="850ff859-ab83-eb11-b1ab-000d3a09d317" lookupentity="systemuser" lookupentityname="Contoso Admin" />
        <field name="modifiedon" value="2021-03-18T19:43:49.0000000Z" />
        <field name="ownerid" value="850ff859-ab83-eb11-b1ab-000d3a09d317" lookupentity="systemuser" lookupentityname="Contoso Admin" />
        <field name="owningbusinessunit" value="9308f859-ab83-eb11-b1ab-000d3a09d317" lookupentity="businessunit" />
        <field name="owninguser" value="850ff859-ab83-eb11-b1ab-000d3a09d317" lookupentity="systemuser" />
        <field name="statecode" value="0" />
        <field name="statuscode" value="1" />
      </record>
      <record id="0cf71fb1-2188-eb11-a812-000d3a09de1c">
        <field name="createdby" value="850ff859-ab83-eb11-b1ab-000d3a09d317" lookupentity="systemuser" lookupentityname="Contoso Admin" />
        <field name="createdon" value="2021-03-18T19:39:46.0000000Z" />
        <field name="cdl_name" value="1002" />
        <field name="cdl_documenttype" value="754410002" />
        <field name="cdl_emailtemplatesid" value="0cf71fb1-2188-eb11-a812-000d3a09de1c" />
        <field name="modifiedby" value="850ff859-ab83-eb11-b1ab-000d3a09d317" lookupentity="systemuser" lookupentityname="Contoso Admin" />
        <field name="modifiedon" value="2021-03-18T19:44:09.0000000Z" />
        <field name="ownerid" value="850ff859-ab83-eb11-b1ab-000d3a09d317" lookupentity="systemuser" lookupentityname="Contoso Admin" />
        <field name="owningbusinessunit" value="9308f859-ab83-eb11-b1ab-000d3a09d317" lookupentity="businessunit" />
        <field name="owninguser" value="850ff859-ab83-eb11-b1ab-000d3a09d317" lookupentity="systemuser" />
        <field name="statecode" value="0" />
        <field name="statuscode" value="1" />
      </record>
    </records>
    <m2mrelationships />
  </entity>
</entities>