<environmentvariabledefinition schemaname="cdl_UseStreamsforVideos">
  <defaultvalue>no</defaultvalue>
  <description default="If the value is yes, the app will use video control that allows streaming videos from Microsoft Streams.  If it is no the app will use video control that allows streaming from YouTube or Azure Media Service">
    <label description="If the value is yes, the app will use video control that allows streaming videos from Microsoft Streams.  If it is no the app will use video control that allows streaming from YouTube or Azure Media Service" languagecode="1033" />
  </description>
  <displayname default="Use Streams for Videos">
    <label description="Use Streams for Videos" languagecode="1033" />
  </displayname>
  <introducedversion>2.0.0.4</introducedversion>
  <iscustomizable>1</iscustomizable>
  <isrequired>0</isrequired>
  <type>100000002</type>
</environmentvariabledefinition>