{"properties":{"connectionReferences":{"shared_commondataserviceforapps":{"runtimeSource":"embedded","connection":{},"api":{"name":"shared_commondataserviceforapps"}}},"definition":{"$schema":"https://schema.management.azure.com/providers/Microsoft.Logic/schemas/2016-06-01/workflowdefinition.json#","contentVersion":"1.0.0.0","parameters":{"$connections":{"defaultValue":{},"type":"Object"},"$authentication":{"defaultValue":{},"type":"SecureObject"}},"triggers":{"Employee_changed_on_Case":{"type":"OpenApiConnectionWebhook","inputs":{"host":{"connectionName":"shared_commondataserviceforapps","operationId":"SubscribeWebhookTrigger","apiId":"/providers/Microsoft.PowerApps/apis/shared_commondataserviceforapps"},"parameters":{"subscriptionRequest/message":4,"subscriptionRequest/entityname":"msft_employeecase","subscriptionRequest/scope":4,"subscriptionRequest/filteringattributes":"msft_employeeid","subscriptionRequest/filterexpression":"_msft_employeeid_value ne null"},"authentication":"@parameters('$authentication')"}}},"actions":{"Get_active_case_contacts_records_for_employee":{"runAfter":{},"type":"OpenApiConnection","inputs":{"host":{"connectionName":"shared_commondataserviceforapps","operationId":"ListRecords","apiId":"/providers/Microsoft.PowerApps/apis/shared_commondataserviceforapps"},"parameters":{"entityName":"msft_casecontacts","$select":"msft_casecontactid","$filter":"statecode eq 0 and _msft_employeeid_value eq @{triggerOutputs()?['body/_msft_employeeid_value']} and _msft_opencaseid_value eq null"},"authentication":"@parameters('$authentication')"}},"Apply_to_each":{"foreach":"@outputs('Get_active_case_contacts_records_for_employee')?['body/value']","actions":{"Set_case_and_deactivate_Case_Contact":{"runAfter":{},"type":"OpenApiConnection","inputs":{"host":{"connectionName":"shared_commondataserviceforapps","operationId":"UpdateRecord","apiId":"/providers/Microsoft.PowerApps/apis/shared_commondataserviceforapps"},"parameters":{"entityName":"msft_casecontacts","recordId":"@items('Apply_to_each')?['msft_casecontactid']","item/msft_opencaseid@odata.bind":"/msft_employeecases(@{triggerOutputs()?['body/msft_employeecaseid']})","item/statecode":1,"item/statuscode":2},"authentication":"@parameters('$authentication')"}}},"runAfter":{"Get_active_case_contacts_records_for_employee":["Succeeded"]},"type":"Foreach"}},"outputs":{}}},"schemaVersion":"1.0.0.0"}