{"properties":{"connectionReferences":{"shared_commondataserviceforapps":{"runtimeSource":"embedded","connection":{},"api":{"name":"shared_commondataserviceforapps"}}},"definition":{"$schema":"https://schema.management.azure.com/providers/Microsoft.Logic/schemas/2016-06-01/workflowdefinition.json#","contentVersion":"1.0.0.0","parameters":{"$connections":{"defaultValue":{},"type":"Object"},"$authentication":{"defaultValue":{},"type":"SecureObject"}},"triggers":{"When_an_Attestation_is_linked_to_an_Employee_Case":{"type":"OpenApiConnectionWebhook","inputs":{"host":{"connectionName":"shared_commondataserviceforapps","operationId":"SubscribeWebhookTrigger","apiId":"/providers/Microsoft.PowerApps/apis/shared_commondataserviceforapps"},"parameters":{"subscriptionRequest/message":3,"subscriptionRequest/entityname":"msft_employeeattestation","subscriptionRequest/scope":4,"subscriptionRequest/filteringattributes":"msft_employeecaseid","subscriptionRequest/filterexpression":"_msft_employeecaseid_value ne null"},"authentication":"@parameters('$authentication')"}}},"actions":{"Get_Attestation":{"runAfter":{},"type":"OpenApiConnection","inputs":{"host":{"connectionName":"shared_commondataserviceforapps","operationId":"GetItem","apiId":"/providers/Microsoft.PowerApps/apis/shared_commondataserviceforapps"},"parameters":{"entityName":"msft_employeeattestations","recordId":"@triggerOutputs()?['body/msft_employeeattestationid']"},"authentication":"@parameters('$authentication')"}},"Get_Booking":{"runAfter":{"Data_Quality_check":["Succeeded"]},"type":"OpenApiConnection","inputs":{"host":{"connectionName":"shared_commondataserviceforapps","operationId":"GetItem","apiId":"/providers/Microsoft.PowerApps/apis/shared_commondataserviceforapps"},"parameters":{"entityName":"msft_employeebookings","recordId":"@outputs('Get_Attestation')?['body/_msft_employeebookingid_value']","$expand":"msft_areaid($select=_msft_floorid_value)"},"authentication":"@parameters('$authentication')"}},"Get_new_suggestions_for_attestations":{"runAfter":{"Get_current_Case":["Succeeded"]},"type":"OpenApiConnection","inputs":{"host":{"connectionName":"shared_commondataserviceforapps","operationId":"ListRecords","apiId":"/providers/Microsoft.PowerApps/apis/shared_commondataserviceforapps"},"parameters":{"entityName":"msft_employeeattestations","$expand":"msft_employeebookingid($select=_msft_areaid_value,msft_arrivaltimeend,msft_arrivaltimestart),msft_facilityid($select=msft_entrywindowinterval)","fetchXml":"<fetch>\n  <entity name=\"msft_employeeattestation\" >\n    <attribute name=\"msft_attestationdate\" />\n    <attribute name=\"msft_employeebookingid\" />\n    <attribute name=\"msft_facilityid\" />\n    <attribute name=\"msft_attested\" />\n    <attribute name=\"msft_employeeid\" />\n    <filter type=\"and\" >\n      <condition attribute=\"msft_attestationdate\" operator=\"on\" value=\"@{triggerOutputs()?['body/msft_attestationdate']}\" />\n      <condition attribute=\"msft_facilityid\" operator=\"eq\" value=\"@{outputs('Get_Attestation')?['body/_msft_facilityid_value']}\" />\n<condition attribute=\"msft_employeeid\" operator=\"neq\" value=\"@{triggerOutputs()?['body/_msft_employeeid_value']}\" />\n<condition attribute=\"statecode\" operator=\"eq\" value=\"0\" />\n      <condition entityname=\"msft_casecontact\" attribute=\"msft_employeecaseid\" operator=\"null\" />\n    </filter>\n    <link-entity name=\"msft_employeebooking\" from=\"msft_employeebookingid\" to=\"msft_employeebookingid\" >\n      <attribute name=\"msft_areaid\" />\n      <attribute name=\"msft_arrivaltimeend\" />\n      <attribute name=\"msft_arrivaltimestart\" />\n    </link-entity>\n    <link-entity name=\"msft_facility\" from=\"msft_facilityid\" to=\"msft_facilityid\" >\n      <attribute name=\"msft_entrywindowinterval\" />\n      <attribute name=\"msft_facilityid\" />\n    </link-entity>\n    <link-entity name=\"msft_casecontact\" from=\"msft_employeeid\" to=\"msft_employeeid\" link-type=\"outer\" >\n      <attribute name=\"msft_comment\" />\n      <attribute name=\"msft_employeecaseid\" />\n      <filter>\n        <condition attribute=\"msft_employeecaseid\" operator=\"eq\" value=\"@{triggerOutputs()?['body/_msft_employeecaseid_value']}\" />\n      </filter>\n    </link-entity>\n  </entity>\n</fetch>"},"authentication":"@parameters('$authentication')"}},"Apply_to_each":{"foreach":"@outputs('Get_new_suggestions_for_attestations')?['body/value']","actions":{"Suggestion_for_same_area":{"actions":{"Create_a_new_record_same_area":{"runAfter":{},"type":"OpenApiConnection","inputs":{"host":{"connectionName":"shared_commondataserviceforapps","operationId":"CreateRecord","apiId":"/providers/Microsoft.PowerApps/apis/shared_commondataserviceforapps"},"parameters":{"entityName":"msft_casecontacts","item/msft_employeeid@odata.bind":"/contacts(@{items('Apply_to_each')?['_msft_employeeid_value']})","item/msft_employeecaseid@odata.bind":"/msft_employeecases(@{triggerOutputs()?['body/_msft_employeecaseid_value']})","item/msft_comment":"auto suggest","item/msft_riskscore":10,"item/msft_opencaseid@odata.bind":"@if(equals(length(outputs('Get_Open_Cases_for_employee')?['body/value']),1),concat('/msft_employeecases(',first(outputs('Get_Open_Cases_for_employee')?['body/value']).msft_employeecaseid,')'), '')","item/msft_riskassesment":"@outputs('Get_current_Case')?['body/msft_riskassesment']"},"authentication":"@parameters('$authentication')"}},"Update_new_record_same_area":{"runAfter":{"Create_a_new_record_same_area":["Succeeded"]},"type":"OpenApiConnection","inputs":{"host":{"connectionName":"shared_commondataserviceforapps","operationId":"UpdateRecord","apiId":"/providers/Microsoft.PowerApps/apis/shared_commondataserviceforapps"},"parameters":{"entityName":"msft_casecontacts","recordId":"@outputs('Create_a_new_record_same_area')?['body/msft_casecontactid']","item/statecode":"@if(equals(length(outputs('Get_Open_Cases_for_employee')?['body/value']),1),1,0)","item/statuscode":"@if(equals(length(outputs('Get_Open_Cases_for_employee')?['body/value']),1),2,1)"},"authentication":"@parameters('$authentication')"}}},"runAfter":{"Get_Open_Cases_for_employee":["Succeeded"]},"else":{"actions":{"Get_the_Floor":{"runAfter":{},"type":"OpenApiConnection","inputs":{"host":{"connectionName":"shared_commondataserviceforapps","operationId":"GetItem","apiId":"/providers/Microsoft.PowerApps/apis/shared_commondataserviceforapps"},"parameters":{"entityName":"msft_areas","recordId":"@items('Apply_to_each')?['msft_employeebooking1.msft_areaid']"},"authentication":"@parameters('$authentication')"}},"Same_window":{"actions":{"Create_a_new_record_same_window":{"runAfter":{},"type":"OpenApiConnection","inputs":{"host":{"connectionName":"shared_commondataserviceforapps","operationId":"CreateRecord","apiId":"/providers/Microsoft.PowerApps/apis/shared_commondataserviceforapps"},"parameters":{"entityName":"msft_casecontacts","item/msft_employeeid@odata.bind":"/contacts(@{items('Apply_to_each')?['_msft_employeeid_value']})","item/msft_employeecaseid@odata.bind":"/msft_employeecases(@{triggerOutputs()?['body/_msft_employeecaseid_value']})","item/msft_comment":"auto suggest","item/msft_riskscore":5,"item/msft_opencaseid@odata.bind":"@if(equals(length(outputs('Get_Open_Cases_for_employee')?['body/value']),1),concat('/msft_employeecases(',first(outputs('Get_Open_Cases_for_employee')?['body/value']).msft_employeecaseid,')'), '')","item/msft_riskassesment":"@outputs('Get_current_Case')?['body/msft_riskassesment']"},"authentication":"@parameters('$authentication')"}},"Update_new_record_same_window":{"runAfter":{"Create_a_new_record_same_window":["Succeeded"]},"type":"OpenApiConnection","inputs":{"host":{"connectionName":"shared_commondataserviceforapps","operationId":"UpdateRecord","apiId":"/providers/Microsoft.PowerApps/apis/shared_commondataserviceforapps"},"parameters":{"entityName":"msft_casecontacts","recordId":"@outputs('Create_a_new_record_same_window')?['body/msft_casecontactid']","item/statecode":"@if(equals(length(outputs('Get_Open_Cases_for_employee')?['body/value']),1),1,0)","item/statuscode":"@if(equals(length(outputs('Get_Open_Cases_for_employee')?['body/value']),1),2,1)"},"authentication":"@parameters('$authentication')"}}},"runAfter":{"Get_the_Floor":["Succeeded"]},"else":{"actions":{"Same_floor":{"actions":{"Create_a_new_record_same_floor":{"runAfter":{},"type":"OpenApiConnection","inputs":{"host":{"connectionName":"shared_commondataserviceforapps","operationId":"CreateRecord","apiId":"/providers/Microsoft.PowerApps/apis/shared_commondataserviceforapps"},"parameters":{"entityName":"msft_casecontacts","item/msft_employeeid@odata.bind":"/contacts(@{items('Apply_to_each')?['_msft_employeeid_value']})","item/msft_employeecaseid@odata.bind":"/msft_employeecases(@{triggerOutputs()?['body/_msft_employeecaseid_value']})","item/msft_comment":"auto suggest","item/msft_riskscore":3,"item/msft_opencaseid@odata.bind":"@if(equals(length(outputs('Get_Open_Cases_for_employee')?['body/value']),1),concat('/msft_employeecases(',first(outputs('Get_Open_Cases_for_employee')?['body/value']).msft_employeecaseid,')'), '')","item/msft_riskassesment":"@outputs('Get_current_Case')?['body/msft_riskassesment']"},"authentication":"@parameters('$authentication')"}},"Update_new_record_same_floor":{"runAfter":{"Create_a_new_record_same_floor":["Succeeded"]},"type":"OpenApiConnection","inputs":{"host":{"connectionName":"shared_commondataserviceforapps","operationId":"UpdateRecord","apiId":"/providers/Microsoft.PowerApps/apis/shared_commondataserviceforapps"},"parameters":{"entityName":"msft_casecontacts","recordId":"@outputs('Create_a_new_record_same_floor')?['body/msft_casecontactid']","item/statecode":"@if(equals(length(outputs('Get_Open_Cases_for_employee')?['body/value']),1),1,0)","item/statuscode":"@if(equals(length(outputs('Get_Open_Cases_for_employee')?['body/value']),1),2,1)"},"authentication":"@parameters('$authentication')"}}},"runAfter":{},"expression":{"equals":["@outputs('Get_the_Floor')?['body/_msft_floorid_value']","@outputs('Get_Booking')?['body/msft_areaid']._msft_floorid_value"]},"type":"If"}}},"expression":{"and":[{"or":[{"equals":["@items('Apply_to_each')?['msft_facility2.msft_entrywindowinterval']",299600001]},{"equals":["@items('Apply_to_each')?['msft_facility2.msft_entrywindowinterval']",299600002]}]},{"equals":["@formatDateTime(items('Apply_to_each')?['msft_employeebooking1.msft_arrivaltimestart'], 'MM/dd/yy H:mm')","@formatDateTime(outputs('Get_Booking')?['body/msft_arrivaltimestart'], 'MM/dd/yy H:mm')"]},{"equals":["@formatDateTime(items('Apply_to_each')?['msft_employeebooking1.msft_arrivaltimeend'], 'MM/dd/yy H:mm')","@formatDateTime(outputs('Get_Booking')?['body/msft_arrivaltimeend'], 'MM/dd/yy H:mm')"]}]},"type":"If"}}},"expression":{"equals":["@items('Apply_to_each')?['msft_employeebooking1.msft_areaid']","@outputs('Get_Booking')?['body/_msft_areaid_value']"]},"type":"If"},"Get_Open_Cases_for_employee":{"runAfter":{},"type":"OpenApiConnection","inputs":{"host":{"connectionName":"shared_commondataserviceforapps","operationId":"ListRecords","apiId":"/providers/Microsoft.PowerApps/apis/shared_commondataserviceforapps"},"parameters":{"entityName":"msft_employeecases","$filter":"statecode eq 0 and _msft_employeeid_value eq @{items('Apply_to_each')?['_msft_employeeid_value']}","$orderby":"createdon","$top":2},"authentication":"@parameters('$authentication')"}}},"runAfter":{"Get_new_suggestions_for_attestations":["Succeeded"]},"type":"Foreach"},"Get_suggestions_for_current_case_contacts":{"runAfter":{"Data_Quality_Checks":["Succeeded"]},"type":"OpenApiConnection","inputs":{"host":{"connectionName":"shared_commondataserviceforapps","operationId":"ListRecords","apiId":"/providers/Microsoft.PowerApps/apis/shared_commondataserviceforapps"},"parameters":{"entityName":"msft_employeeattestations","$expand":"msft_employeebookingid($select=_msft_areaid_value,msft_arrivaltimeend,msft_arrivaltimestart),msft_facilityid($select=msft_entrywindowinterval)","fetchXml":"<fetch>\n  <entity name=\"msft_employeeattestation\" >\n    <attribute name=\"msft_attestationdate\" />\n    <attribute name=\"msft_employeebookingid\" />\n    <attribute name=\"msft_facilityid\" />\n    <attribute name=\"msft_attested\" />\n    <attribute name=\"msft_employeeid\" />\n    <filter type=\"and\" >\n      <condition attribute=\"msft_attestationdate\" operator=\"on\" value=\"@{triggerOutputs()?['body/msft_attestationdate']}\" />\n      <condition attribute=\"msft_facilityid\" operator=\"eq\" value=\"@{outputs('Get_Attestation')?['body/_msft_facilityid_value']}\" />\n      <condition attribute=\"msft_employeeid\" operator=\"neq\" value=\"@{outputs('Get_Attestation')?['body/_msft_employeeid_value']}\" />\n<condition attribute=\"statecode\" operator=\"eq\" value=\"0\" />\n    </filter>\n    <link-entity name=\"msft_employeebooking\" from=\"msft_employeebookingid\" to=\"msft_employeebookingid\" >\n      <attribute name=\"msft_areaid\" />\n      <attribute name=\"msft_arrivaltimeend\" />\n      <attribute name=\"msft_arrivaltimestart\" />\n    </link-entity>\n    <link-entity name=\"msft_facility\" from=\"msft_facilityid\" to=\"msft_facilityid\" >\n      <attribute name=\"msft_entrywindowinterval\" />\n      <attribute name=\"msft_facilityid\" />\n    </link-entity>\n    <link-entity name=\"msft_casecontact\" from=\"msft_employeeid\" to=\"msft_employeeid\" link-type=\"inner\" >\n      <attribute name=\"msft_comment\" />\n      <attribute name=\"msft_employeecaseid\" />\n      <attribute name=\"msft_casecontactid\" />\n      <attribute name=\"msft_riskscore\" />\n      <filter>\n        <condition attribute=\"msft_employeecaseid\" operator=\"eq\" value=\"@{outputs('Get_Attestation')?['body/_msft_employeecaseid_value']}\" />\n      </filter>\n    </link-entity>\n  </entity>\n</fetch>"},"authentication":"@parameters('$authentication')"}},"Apply_to_each_2":{"foreach":"@outputs('Get_suggestions_for_current_case_contacts')?['body/value']","actions":{"Get_Case_Contact":{"runAfter":{},"type":"OpenApiConnection","inputs":{"host":{"connectionName":"shared_commondataserviceforapps","operationId":"GetItem","apiId":"/providers/Microsoft.PowerApps/apis/shared_commondataserviceforapps"},"parameters":{"entityName":"msft_casecontacts","recordId":"@items('Apply_to_each_2')?['msft_casecontact3.msft_casecontactid']"},"authentication":"@parameters('$authentication')"}},"same_area_for_existing":{"actions":{"Update_Case_Contact":{"runAfter":{},"type":"OpenApiConnection","inputs":{"host":{"connectionName":"shared_commondataserviceforapps","operationId":"UpdateRecord","apiId":"/providers/Microsoft.PowerApps/apis/shared_commondataserviceforapps"},"parameters":{"entityName":"msft_casecontacts","recordId":"@outputs('Get_Case_Contact')?['body/msft_casecontactid']","item/msft_comment":"auto update","item/msft_riskscore":"@add(outputs('Get_Case_Contact')?['body/msft_riskscore'], 10)"},"authentication":"@parameters('$authentication')"}}},"runAfter":{"Get_Case_Contact":["Succeeded"]},"else":{"actions":{"same_window_for_existing":{"actions":{"Update_Case_Contact_2":{"runAfter":{},"type":"OpenApiConnection","inputs":{"host":{"connectionName":"shared_commondataserviceforapps","operationId":"UpdateRecord","apiId":"/providers/Microsoft.PowerApps/apis/shared_commondataserviceforapps"},"parameters":{"entityName":"msft_casecontacts","recordId":"@outputs('Get_Case_Contact')?['body/msft_casecontactid']","item/msft_comment":"auto update","item/msft_riskscore":"@add(outputs('Get_Case_Contact')?['body/msft_riskscore'], 5)"},"authentication":"@parameters('$authentication')"}}},"runAfter":{},"else":{"actions":{"Get_floor_via_area":{"runAfter":{},"type":"OpenApiConnection","inputs":{"host":{"connectionName":"shared_commondataserviceforapps","operationId":"GetItem","apiId":"/providers/Microsoft.PowerApps/apis/shared_commondataserviceforapps"},"parameters":{"entityName":"msft_areas","recordId":"@items('Apply_to_each_2')?['msft_employeebooking1.msft_areaid']"},"authentication":"@parameters('$authentication')"}},"Condition":{"actions":{"Update_Case_Contact_3":{"runAfter":{},"type":"OpenApiConnection","inputs":{"host":{"connectionName":"shared_commondataserviceforapps","operationId":"UpdateRecord","apiId":"/providers/Microsoft.PowerApps/apis/shared_commondataserviceforapps"},"parameters":{"entityName":"msft_casecontacts","recordId":"@outputs('Get_Case_Contact')?['body/msft_casecontactid']","item/msft_comment":"auto update","item/msft_riskscore":"@add(outputs('Get_Case_Contact')?['body/msft_riskscore'], 3)"},"authentication":"@parameters('$authentication')"}}},"runAfter":{"Get_floor_via_area":["Succeeded"]},"expression":{"equals":["@outputs('Get_floor_via_area')?['body/_msft_floorid_value']","@outputs('Get_Booking')['body/msft_areaid']['_msft_floorid_value']"]},"type":"If"}}},"expression":{"and":[{"or":[{"equals":["@items('Apply_to_each_2')?['msft_facility2.msft_entrywindowinterval']",299600001]},{"equals":["@items('Apply_to_each_2')?['msft_facility2.msft_entrywindowinterval']",299600002]}]},{"equals":["@formatDateTime(items('Apply_to_each_2')?['msft_employeebooking1.msft_arrivaltimestart'], 'MM/dd/yy H:mm')","@formatDateTime(outputs('Get_Booking')?['body/msft_arrivaltimestart'], 'MM/dd/yy H:mm')"]},{"equals":["@formatDateTime(items('Apply_to_each_2')?['msft_employeebooking1.msft_arrivaltimeend'], 'MM/dd/yy H:mm')","@formatDateTime(outputs('Get_Booking')?['body/msft_arrivaltimeend'], 'MM/dd/yy H:mm')"]}]},"type":"If"}}},"expression":{"equals":["@items('Apply_to_each_2')?['msft_employeebooking1.msft_areaid']","@outputs('Get_Booking')?['body/_msft_areaid_value']"]},"type":"If"}},"runAfter":{"Get_suggestions_for_current_case_contacts":["Succeeded"]},"type":"Foreach"},"If_facility_is_entered":{"actions":{"Create_Case_Facility_record":{"runAfter":{},"type":"OpenApiConnection","inputs":{"host":{"connectionName":"shared_commondataserviceforapps","operationId":"CreateRecord","apiId":"/providers/Microsoft.PowerApps/apis/shared_commondataserviceforapps"},"parameters":{"entityName":"msft_casefacilities","item/msft_employeecaseid@odata.bind":"/msft_employeecases(@{triggerOutputs()?['body/_msft_employeecaseid_value']})","item/msft_facilityid@odata.bind":"/msft_facilities(@{triggerOutputs()?['body/_msft_facilityid_value']})","item/msft_comment":"copied from attestation","item/msft_fatefrom":"@triggerOutputs()?['body/msft_attestationdate']","item/msft_dateto":"@triggerOutputs()?['body/msft_attestationdate']"},"authentication":"@parameters('$authentication')"}}},"runAfter":{"Apply_to_each":["Succeeded"]},"expression":{"equals":["@empty(triggerOutputs()?['body/_msft_facilityid_value'])","@false"]},"type":"If"},"Get_current_Case":{"runAfter":{"Apply_to_each_2":["Succeeded"]},"type":"OpenApiConnection","inputs":{"host":{"connectionName":"shared_commondataserviceforapps","operationId":"GetItem","apiId":"/providers/Microsoft.PowerApps/apis/shared_commondataserviceforapps"},"parameters":{"entityName":"msft_employeecases","recordId":"@triggerOutputs()?['body/_msft_employeecaseid_value']"},"authentication":"@parameters('$authentication')"}},"Data_Quality_Checks":{"actions":{"Terminate":{"runAfter":{},"type":"Terminate","inputs":{"runStatus":"Succeeded"}}},"runAfter":{"Get_Booking":["Succeeded"]},"expression":{"equals":["@empty(outputs('Get_Booking')?['body/_msft_areaid_value'])","@true"]},"type":"If"},"Data_Quality_check":{"actions":{"Terminate_2":{"runAfter":{},"type":"Terminate","inputs":{"runStatus":"Succeeded"}}},"runAfter":{"Get_Attestation":["Succeeded"]},"expression":{"equals":["@empty(outputs('Get_Attestation')?['body/_msft_employeebookingid_value'])","@true"]},"type":"If"}},"outputs":{}}},"schemaVersion":"1.0.0.0"}