{"properties":{"connectionReferences":{"shared_commondataserviceforapps":{"runtimeSource":"embedded","connection":{},"api":{"name":"shared_commondataserviceforapps"}}},"definition":{"$schema":"https://schema.management.azure.com/providers/Microsoft.Logic/schemas/2016-06-01/workflowdefinition.json#","contentVersion":"1.0.0.0","parameters":{"$connections":{"defaultValue":{},"type":"Object"},"$authentication":{"defaultValue":{},"type":"SecureObject"}},"triggers":{"When_a_record_is_created,_updated_or_deleted":{"type":"OpenApiConnectionWebhook","inputs":{"host":{"connectionName":"shared_commondataserviceforapps","operationId":"SubscribeWebhookTrigger","apiId":"/providers/Microsoft.PowerApps/apis/shared_commondataserviceforapps"},"parameters":{"subscriptionRequest/message":3,"subscriptionRequest/entityname":"msft_employeebooking","subscriptionRequest/scope":4,"subscriptionRequest/filteringattributes":"statecode"},"authentication":"@parameters('$authentication')"}}},"actions":{"Condition":{"actions":{"Terminate":{"runAfter":{},"type":"Terminate","inputs":{"runStatus":"Succeeded"}}},"runAfter":{},"expression":{"and":[{"equals":["@triggerOutputs()?['body/_msft_areaid_value']","@null"]},{"equals":["@triggerOutputs()?['body/_msft_facilityid_value']","@null"]},{"equals":["@triggerOutputs()?['body/statecode']",0]}]},"type":"If"},"Get_Daily_Occupancy":{"runAfter":{"Condition":["Succeeded"]},"type":"OpenApiConnection","inputs":{"host":{"connectionName":"shared_commondataserviceforapps","operationId":"ListRecords","apiId":"/providers/Microsoft.PowerApps/apis/shared_commondataserviceforapps"},"parameters":{"entityName":"msft_dailyoccupancies","$filter":"_msft_facilityid_value eq '@{triggerOutputs()?['body/_msft_facilityid_value']}' and _msft_areaid_value eq '@{triggerOutputs()?['body/_msft_areaid_value']}' and msft_date eq '@{formatDateTime(triggerOutputs()?['body/msft_bookingdate'], 'yyyy-MM-dd')}'"},"authentication":"@parameters('$authentication')"}},"Condition_2":{"actions":{"Determine_Guid":{"runAfter":{},"type":"Compose","inputs":"@first(outputs('Get_Daily_Occupancy')?['body/value'])?['msft_dailyoccupancyid']"},"Determine_Occupancy":{"runAfter":{"Determine_Guid":["Succeeded"]},"type":"Compose","inputs":"@sub(first(outputs('Get_Daily_Occupancy')?['body/value'])?['msft_occupancy'],1)"},"Update_Daily_Occupancy":{"runAfter":{"Determine_Occupancy":["Succeeded"]},"type":"OpenApiConnection","inputs":{"host":{"connectionName":"shared_commondataserviceforapps","operationId":"UpdateRecord","apiId":"/providers/Microsoft.PowerApps/apis/shared_commondataserviceforapps"},"parameters":{"entityName":"msft_dailyoccupancies","recordId":"@outputs('Determine_Guid')","item/msft_occupancy":"@outputs('Determine_Occupancy')"},"authentication":"@parameters('$authentication')"}}},"runAfter":{"Get_Daily_Occupancy":["Succeeded"]},"expression":{"greater":["@length(outputs('Get_Daily_Occupancy')?['body/value'])",0]},"type":"If"}},"outputs":{}}},"schemaVersion":"1.0.0.0"}