<environmentvariabledefinition schemaname="cdl_AdminEmailAddress">
  <defaultvalue>ali@m365x855683.onmicrosoft.com</defaultvalue>
  <description default="This email address will be used to send notification  if the flow to notify result of employee fails">
    <label description="This email address will be used to send notification  if the flow to notify result of employee fails" languagecode="1033" />
  </description>
  <displayname default="Admin Email Address">
    <label description="Admin Email Address" languagecode="1033" />
  </displayname>
  <introducedversion>1.0.0.101</introducedversion>
  <iscustomizable>1</iscustomizable>
  <isrequired>0</isrequired>
  <type>100000000</type>
</environmentvariabledefinition>