<environmentvariabledefinition schemaname="cdl_PCRReminderHours">
  <defaultvalue>24</defaultvalue>
  <description default="Number of hours after an employee has a presumptive positive before a reminder email is sent to remind employees to submit a PCR test. ">
    <label description="Number of hours after an employee has a presumptive positive before a reminder email is sent to remind employees to submit a PCR test. " languagecode="1033" />
  </description>
  <displayname default="PCR Reminder Hours">
    <label description="PCR Reminder Hours" languagecode="1033" />
  </displayname>
  <introducedversion>2.0.0.9</introducedversion>
  <iscustomizable>1</iscustomizable>
  <isrequired>0</isrequired>
  <type>100000001</type>
</environmentvariabledefinition>