<environmentvariabledefinition schemaname="cdl_SelfScreenTimeOutInMinutes">
  <defaultvalue>120</defaultvalue>
  <description default="The number of minutes the end user needs to enter the results for self screening after starting the test.">
    <label description="The number of minutes the end user needs to enter the results for self screening after starting the test." languagecode="1033" />
  </description>
  <displayname default="SelfScreen Time Out In Minutes">
    <label description="SelfScreen Time Out In Minutes" languagecode="1033" />
  </displayname>
  <introducedversion>1.0.0.116</introducedversion>
  <iscustomizable>1</iscustomizable>
  <isrequired>0</isrequired>
  <type>100000000</type>
</environmentvariabledefinition>